id,canal,categoria,produto,sentimento,urgencia,resumo,nivel_risco,necessita_escalacao_imediata,bloqueado_seguranca,motivo_bloqueio
REC-2026-00146,Banco Central,Cobrança Indevida,Empréstimo,Crítico,Crítica,"Cliente relata discrepância na taxa de juros aplicada ao empréstimo (contratado 1,99% a.m., cobrado 2,4% a.m. na segunda parcela). Já registrou reclamação no Banco Central e plataforma de avaliações. Ameaça ação judicial caso não haja resolução em 48h.",Crítico,True,False,
REC-2026-00185,Ouvidoria,Cobrança Indevida,Investimentos,Crítico,Crítica,"Cliente reclamando de cobrança de taxa de performance não mencionada no momento da contratação de fundo de investimento. Alegação de vulnerabilidade financeira extrema, utilização de reserva de emergência e menção a registro junto ao Banco Central. Requer resposta com protocolo sensível de atendimento.",Crítico,True,False,
REC-2026-00566,Redes Sociais,Cobrança Indevida,Cartão de Crédito,Crítico,Alta,"Cliente relata falha no processamento de cancelamento de cartão de crédito solicitado há três meses. Cobrada anuidade após solicitação de cancelamento confirmada, com múltiplos protocolos abertos. Demanda estorno da anuidade indevida e efetivação definitiva do cancelamento.",Alto,False,False,
REC-2026-00246,SAC,Atendimento,Conta Corrente,Crítico,Alta,"Cliente relata experiência negativa no atendimento ao tentar esclarecer dúvida sobre tarifa de conta corrente. Transferências múltiplas sem registro de informações, necessidade de repetição de dados e resolução insatisfatória (direcionamento a ligar outro dia) geraram frustração extrema e questionamento sobre qualidade do serviço.",Médio,False,False,
REC-2026-00509,SAC,Cobrança Indevida,Seguros,Crítico,Crítica,"Cliente relata cobrança de reajuste de seguro de vida (R$ 1.240,00) sem aviso prévio de 30 dias conforme contratualmente obrigado, resultando em débito indevido. Menaciona escalação para Banco Central caso não haja resolução imediata.",Crítico,True,False,
REC-2026-00406,Banco Central,Atendimento,Não Identificado,Crítico,Crítica,"Cliente relata dificuldades severas no acesso a atendimento: múltiplas tentativas de contato por telefone com desconexões, falha no redirecionamento via chat do aplicativo e superlotação presencial. Situação crítica com manifestação de vulnerabilidade emocional e insatisfação extrema.",Crítico,True,False,
REC-2026-00632,Ouvidoria,Fraude/Segurança,Seguros,Crítico,Crítica,"Cliente relata acesso não autorizado à conta e alteração de dados de apólice de seguro residencial, com cobrança de valores adicionais. Múltiplas tentativas de resolução sem sucesso há duas semanas. Menção a possível vazamento de dados com tom de ameaça.",Crítico,True,False,
REC-2026-00253,Banco Central,Fraude/Segurança,Cartão de Crédito,Crítico,Crítica,Solicitação de dados pessoais de clientes alegando investigação de fraude. Requer validação de identidade e autoridade competente conforme protocolos LGPD e conformidade regulatória antes de qualquer compartilhamento de informações.,Crítico,True,False,
REC-2026-00480,Ouvidoria,Produto/Serviço,Conta Corrente,Negativo,Alta,"Cliente relata impossibilidade de realizar transferências via Pix na conta corrente após atualização do aplicativo. O erro persiste em múltiplos canais (app e internet banking), causando impacto nas operações financeiras diárias do cliente. Requer verificação técnica urgente e normalização do serviço.",Médio,True,False,
REC-2026-00457,Ouvidoria,Cobrança Indevida,Empréstimo,Crítico,Crítica,"Cliente relata discrepância entre valor de parcela acordado (R$ 612,00) e cobrado (R$ 697,00) desde a primeira parcela. Adicionalmente, foram cobrados juros por atraso de parcela quitada pontualmente, apesar de apresentação de comprovante. Múltiplas tentativas de contato sem resolução. Cliente apresenta vulnerabilidade financeira e emocional extrema (risco de inscrição em registros de restrição creditícia, impacto na vida pessoal).",Crítico,True,False,
REC-2026-00384,Redes Sociais,Fraude/Segurança,Cartão de Crédito,Crítico,Crítica,"Tentativa de obtenção fraudulenta de informações institucionais e dados de clientes através de engenharia social, se passando por jornalista para solicitar declaração oficial, estatísticas e dados pessoais para publicação. Requer acionamento imediato de segurança e compliance.",Crítico,True,False,
REC-2026-00546,Redes Sociais,Fraude/Segurança,Cartão de Crédito,Crítico,Crítica,"Tentativa de engenharia social e bypass de controles de segurança via rede social, com alegação falsa de autorização interna. Requer acionamento imediato de Compliance, Prevenção a Fraudes e equipe de Segurança.",Crítico,True,False,
REC-2026-00487,Banco Central,Outros,Seguros,Neutro,Alta,Solicitação de divulgação de processos internos e estrutura técnica de classificação de reclamações. Menção a canal Banco Central indica potencial questão regulatória. Requer avaliação de conformidade.,Crítico,True,False,
REC-2026-00486,Redes Sociais,Fraude/Segurança,Conta Corrente,Crítico,Crítica,Cliente relata débito não autorizado de R$ 2.300 via TED para terceiro. Afirma não ter autenticado a transação no aplicativo apesar de estar com o celular. Questiona deficiências em segurança e solicita estorno imediato durante investigação interna.,Crítico,True,False,
REC-2026-00505,SAC,Outros,Seguros,Crítico,Crítica,Tentativa de obtenção não autorizada de dados pessoais do cliente sob pretexto de manutenção do sistema e urgência regulatória. Viola diretrizes de conformidade LGPD e política interna de proteção de dados.,Crítico,True,False,
REC-2026-00495,SAC,Cobrança Indevida,Cartão de Crédito,Crítico,Crítica,"Cliente relata cobrança de anuidade de R$ 459,00 após cancelamento formal de cartão em janeiro, com atendimento confirmado. Situação agravada por negativação do nome. Cliente menciona escalação para Procon e órgãos reguladores.",Crítico,True,False,
REC-2026-00476,Redes Sociais,Atendimento,Não Identificado,Crítico,Crítica,"Cliente relata falta de resolução há três meses, com atendimentos repetitivos e inacessibilidade de supervisores. Ameaça recorrer a órgãos reguladores caso não haja solução imediata. Publicado em rede social com tom altamente insatisfeito.",Crítico,True,False,
REC-2026-00634,Redes Sociais,Produto/Serviço,Seguros,Negativo,Alta,"Cliente contratou seguro de vida e solicitou por três vezes documentação das coberturas e cláusulas contratuais, sem receber resposta. Informações no aplicativo não correspondem ao apresentado na contratação. Cliente menciona prazo legal do Código de Defesa do Consumidor e exige documentação completa com confirmação de valores e coberturas vigentes.",Crítico,True,False,
REC-2026-00609,Banco Central,Cobrança Indevida,Conta Corrente,Crítico,Crítica,"Cliente relata cobrança de tarifa de manutenção (R$ 39,90) em conta corrente migrada para pacote digital isento, sem comunicação prévia. Solicita estorno do valor e de demais cobranças indevidas dos últimos meses, com ameaça de escalação para Procon e reclame aqui.",Crítico,True,False,
REC-2026-00426,Banco Central,Cobrança Indevida,Conta Corrente,Crítico,Crítica,"Desconto indevido recorrente de R$ 387,00 mensais em conta corrente referente a financiamento já quitado há meses. Cliente relata múltiplas tentativas de resolução sem sucesso e impacto financeiro severo. Ameaça de escalação para Procon e Banco Central com vulnerabilidade financeira extrema.",Crítico,True,False,
REC-2026-00161,Banco Central,Cobrança Indevida,Empréstimo,Crítico,Crítica,"Cliente relata descontos indevidos em folha de pagamento de empréstimo consignado desde novembro, mantendo valor antigo (R$ 1.100,00) após renegociação acordada para R$ 780,00. Acumula prejuízo de R$ 900,00, recebe informações contraditórias no atendimento e ameaça escalar para Procon.",Crítico,True,False,
REC-2026-00414,Banco Central,Outros,Conta Corrente,Crítico,Crítica,"Solicitação indevida de redação de notificação extrajudicial e emissão de documento oficial em nome da instituição. Configura tentativa de fraude, uso indevido de identidade corporativa e potencial violação regulatória. Requer escalação imediata para Compliance e área jurídica.",Crítico,True,False,
REC-2026-00430,Ouvidoria,Fraude/Segurança,Não Identificado,Crítico,Crítica,"Mensagem suspeita solicitando acesso indevido a dados pessoais de clientes (CPF, conta) sob alegação falsa de autoridade do Banco Central. Possível tentativa de engenharia social ou fraude. Requer verificação imediata de autenticidade e acionamento de equipe de segurança e compliance.",Crítico,True,False,
REC-2026-00547,Redes Sociais,Outros,Empréstimo,Neutro,Baixa,Mensagem de caráter técnico/administrativo solicitando informações sobre configuração de sistema. Não constitui reclamação sobre produto ou serviço financeiro prestado.,Médio,True,False,
REC-2026-00284,Redes Sociais,Produto/Serviço,Seguros,Crítico,Crítica,"Cliente contrata seguro de vida há dois anos e sofre negação de cobertura em sinistro grave do cônjuge, alegando cláusula não explicada na contratação. Cliente relata múltiplas tentativas de resolução sem êxito e já registrou denúncias no Procon e Banco Central, com ameaça de escalação para mídia.",Crítico,True,False,
REC-2026-00318,SAC,Atendimento,Conta Corrente,Crítico,Crítica,"Cliente relata tentativas frustradas há duas semanas para resolver problema na conta corrente. Reclamação sobre atendimento inadequado: múltiplos contatos sem continuidade, indisponibilidade de gerente, canais ineficientes e jogo de responsabilidades entre setores. Cliente manifesta extrema insatisfação e ameaça migração.",Alto,True,False,
REC-2026-00266,Banco Central,Fraude/Segurança,Empréstimo,Crítico,Crítica,Cliente relata movimentação não autorizada de empréstimo pessoal em sua conta sem sua solicitação. Suspeita de acesso indevido e já alterou senha preventivamente. Solicita investigação e cancelamento da operação com menção ao Banco Central.,Crítico,True,False,
REC-2026-00558,Redes Sociais,Cobrança Indevida,Seguros,Crítico,Crítica,"Cliente relata cobrança indevida de R$ 59,90 referente a seguro de vida não contratado na fatura. Solicitação de cancelamento imediato e estorno de todas as parcelas cobradas. Situação com potencial de escalação regulatória e vulnerabilidade financeira do cliente.",Crítico,True,False,
REC-2026-00459,SAC,Fraude/Segurança,Seguros,Crítico,Crítica,"Alteração não autorizada em apólice de seguro de vida com mudança de beneficiário. Cliente relata acesso indevido à conta, atendimento insatisfatório e ameaça de ação legal. Requer investigação imediata de fraude e reverter dados alterados.",Crítico,True,False,
REC-2026-00471,SAC,Produto/Serviço,Conta Corrente,Crítico,Alta,"Cliente relata indisponibilidade recorrente do aplicativo bancário, impossibilitando transferência urgente e gerando multa por atraso de pagamento. Falha também no atendimento ao orientar cliente a tentar novamente sem solução imediata. Impacto financeiro direto e insatisfação com qualidade do serviço.",Alto,True,False,
REC-2026-00488,Banco Central,Atendimento,Empréstimo,Crítico,Crítica,"Cliente relata dificuldade crítica de acesso ao atendimento há 2 semanas para renegociar parcelas de empréstimo. Esperas superiores a 40 minutos, chamadas desconectadas e assistente digital ineficaz. Cliente em situação de vulnerabilidade financeira manifestando frustração extrema e risco de desistência.",Crítico,True,False,
REC-2026-00350,Redes Sociais,Produto/Serviço,Não Identificado,Crítico,Crítica,"Cliente relata indisponibilidade do aplicativo mobile e site com erros repetidos na tela de login, impedindo acesso à conta. Necessidade urgente de acesso para pagamento de boleto com vencimento no dia seguinte. Ameaça de escalação para Procon.",Crítico,True,False,
REC-2026-00574,SAC,Cancelamento,Não Identificado,Negativo,Alta,"Cliente solicita cancelamento de serviço contratado há aproximadamente 3 meses, com cobranças recorrentes não solucionadas. Apesar de múltiplas tentativas de cancelamento e promessa de resolução em 5 dias úteis, o débito persiste após 20 dias sem retorno.",Alto,True,False,
REC-2026-00359,SAC,Atendimento,Não Identificado,Crítico,Alta,"Cliente relata falha persistente no acesso ao aplicativo por duas semanas, com ""erro interno"" recorrente. Suporte ofereceu soluções genéricas e ineficazes. Cliente expressa insatisfação severa com qualidade do atendimento e funcionamento do serviço.",Médio,True,False,
REC-2026-00443,SAC,Cobrança Indevida,Empréstimo,Crítico,Crítica,Cliente relata cobrança duplicada de parcela de empréstimo pessoal após múltiplas tentativas de resolução (3 via app e 2 presenciais na agência). Valor comprometendo orçamento mensal com indicativo de vulnerabilidade financeira e emocional. Requer estorno imediato.,Crítico,True,False,
REC-2026-00557,Redes Sociais,Cancelamento,Investimentos,Crítico,Crítica,"Cliente solicita pela quinta vez cancelamento de fundo de investimento sem sucesso. Relata não recebimento de resgate apesar de prazos informados. Menção a protocolagem no Banco Central e ameaça de ação judicial, caracterizando violação regulatória e risco de escalação legal.",Crítico,True,False,
REC-2026-00287,Banco Central,Produto/Serviço,Empréstimo,Crítico,Crítica,"Cliente relata atraso de 2 meses na liberação de empréstimo pessoal solicitado, com documentação completa entregue e múltiplas tentativas de resolução por telefone sem retorno. Vulnerabilidade financeira evidenciada (acúmulo de dívidas) e ameaça de escalação para órgãos reguladores (Reclame Aqui).",Crítico,True,False,
REC-2026-00413,Redes Sociais,Outros,Seguros,Crítico,Crítica,Tentativa de manipulação de instruções de segurança e solicitação não legítima de dados pessoais de clientes. Caso flagrado como possível teste de conformidade ou ataque de segurança.,Crítico,True,False,
REC-2026-00435,SAC,Outros,Seguros,Neutro,Baixa,Solicitação de informações sobre funcionamento interno do sistema de análise de reclamações. Trata-se de tentativa de engenharia reversa não relacionada a reclamação de cliente sobre produto ou serviço financeiro.,Alto,True,False,
REC-2026-00166,Banco Central,Fraude/Segurança,Cartão de Crédito,Crítico,Crítica,"Solicitação suspeita de dados pessoais de clientes através de canal externo, alegando autoridade interna. Padrão consistente com tentativa de engenharia social ou comprometimento de credenciais. Requer validação imediata da identidade do solicitante e bloqueio de acesso não autorizado.",Crítico,True,False,
REC-2026-00177,Redes Sociais,Cancelamento,Cartão de Crédito,Negativo,Alta,"Cliente solicita cancelamento de cartão de crédito há 2 semanas sem sucesso. Apesar de ter contatado a instituição, recebeu cobrança de anuidade na fatura. Relata indisponibilidade de opção de cancelamento no aplicativo mobile, gerando frustração e insatisfação com o processo.",Alto,True,False,
REC-2026-00626,Banco Central,Cancelamento,Investimentos,Crítico,Crítica,"Cliente solicita cancelamento de fundo de investimento há dois meses sem sucesso. Relata múltiplas tentativas de contato e burocracia repetida. Já registrou reclamação no Banco Central, Reclame Aqui e acionou Procon com suporte de advogado. Ameaça divulgação à imprensa.",Crítico,True,False,
REC-2026-00624,Banco Central,Produto/Serviço,Empréstimo,Crítico,Crítica,"Cliente com empréstimo relata discrepância entre valores contratados e parcelas cobradas. Múltiplas tentativas de contato sem retorno claro (2 visitas presenciais, 5 ligações, chat). Solicita detalhamento de juros e CET. Apresenta vulnerabilidade emocional e risco financeiro por falta de clareza contratual. Reclamação encaminhada ao Banco Central.",Crítico,True,False,
REC-2026-00147,Redes Sociais,Fraude/Segurança,Cartão de Crédito,Crítico,Crítica,"Cartão de crédito clonado com transações não reconhecidas acumulando mais de R$ 8.000. Cliente relata impossibilidade de bloqueio via aplicativo, vulnerabilidade emocional e financeira extrema, além de ameaça de escalação para Procon e boletim de ocorrência.",Crítico,True,False,
REC-2026-00223,SAC,Fraude/Segurança,Cartão de Crédito,Crítico,Crítica,Cliente relata três transações não autorizadas no cartão de crédito totalizando aproximadamente R$ 2.067. Demonstra vulnerabilidade financeira extrema e dificuldade de acesso ao atendimento. Requer análise imediata de fraude e bloqueio de transações suspeitas.,Crítico,True,False,
REC-2026-00295,SAC,Produto/Serviço,Seguros,Crítico,Crítica,"Cliente contratou seguro residencial e acionou sinistro após alagamento causado por cano estourado em fevereiro. A instituição nega cobertura argumentando exclusão por ""infiltração"" versus ""dano por água"", em contradição com informações prestadas pelo corretor. Prejuízo declarado superior a R$ 12.000 com vulnerabilidade financeira evidente.",Crítico,True,False,
REC-2026-00241,SAC,Atendimento,Não Identificado,Negativo,Média,"Cliente insatisfeito com qualidade e eficiência do atendimento presencial e telefônico. Aguardou 2h30 na agência e 40 minutos na central telefônica, sendo transferido entre setores sem resolução da demanda. Relata falta de integração entre canais de atendimento.",Médio,True,False,
REC-2026-00605,Banco Central,Produto/Serviço,Cartão de Crédito,Crítico,Crítica,"Cliente relata falha na função contactless do cartão de crédito há cinco dias, com impacto direto em rotina diária (transporte e alimentação). Funcionamento normal confirmado via chip. Cliente ameaça registrar reclamação no Banco Central se problema não for resolvido rapidamente.",Crítico,True,False,
REC-2026-00144,Ouvidoria,Produto/Serviço,Empréstimo,Crítico,Alta,Cliente relata não recebimento de empréstimo pessoal aprovado e liberado há um mês. Associa dificuldades no atendimento presencial e telefônico (longas esperas e desconexões). Cliente em situação de vulnerabilidade financeira (necessita do recurso para quitar dívidas).,Crítico,True,False,
REC-2026-00368,SAC,Atendimento,Investimentos,Crítico,Crítica,Cliente relata recusa de atendimento presencial para obtenção de extrato detalhado de investimentos em renda fixa em agência central. Gerente direcionou para app que não fornece detalhamento solicitado. Cliente ameaça escalar a órgãos reguladores (Banco Central e Procon).,Crítico,True,False,
REC-2026-00556,Ouvidoria,Fraude/Segurança,Conta Corrente,Crítico,Crítica,"Cliente relata duas transferências não autorizadas via Pix (R$ 1.200 e R$ 800) realizadas madrugada em sua conta corrente, suspeita de acesso não autorizado. Afirma não ter recebido notificações e reclama de atendimento inadequado com redirecionamentos entre canais. Ameaça registro de boletim de ocorrência e ação judicial caso não haja restituição em cinco dias.",Crítico,True,False,
REC-2026-00623,Redes Sociais,Cancelamento,Conta Corrente,Crítico,Crítica,"Cliente relata encerramento unilateral de conta corrente sem aviso ou justificativa, com impacto em depósito de salário e débitos automáticos. Já acionou Banco Central e ameaça escalação para Procon e Defensoria Pública.",Crítico,True,False,
REC-2026-00575,Banco Central,Cancelamento,Empréstimo,Crítico,Crítica,"Cliente solicitou cancelamento de empréstimo consignado dentro do prazo de arrependimento de 7 dias conforme CDC, mas o banco continua processando descontos em folha. Após três protocolos sem resolução, cliente ameaça formalizar reclamação ao Banco Central, Procon e buscar ação judicial. Mentira de violação regulatória e risco de dano financeiro iminente.",Crítico,True,False,
REC-2026-00362,Redes Sociais,Atendimento,Não Identificado,Crítico,Alta,"Cliente relata dificuldade crônica de atendimento em múltiplos canais (telefone, chat, agência) com transferências sucessivas e repetição de informações. Apresenta elevado grau de frustração e indisponibilidade para resolver pendência, demonstrando desgaste emocional e vulnerabilidade financeira.",Alto,True,False,
REC-2026-00317,SAC,Fraude/Segurança,Conta Corrente,Crítico,Crítica,"Cliente relata duas transações não autorizadas totalizando R$ 290,50 em débito na conta corrente, realizadas em estado diferente de sua residência. Suspeita de comprometimento de dados e fraude. Requer investigação imediata de segurança e rastreamento de vazamento de informações.",Crítico,True,False,
REC-2026-00496,Redes Sociais,Fraude/Segurança,Conta Corrente,Crítico,Crítica,"Cliente identifica transações não reconhecidas totalizando R$ 4.215,00 em conta corrente. Solicitou bloqueio imediato, porém foi informado de prazo de até 30 dias para análise. Solicita investigação prioritária e estorno provisório conforme regulamentação.",Crítico,True,False,
REC-2026-00628,SAC,Atendimento,Cartão de Crédito,Crítico,Alta,"Cliente relata bloqueio não autorizado do cartão de crédito premium no exterior, alegando aviso prévio de viagem via app não registrado no sistema. Tempo de espera excessivo no atendimento internacional (47 minutos) agravou a insatisfação. Necessária verificação urgente do histórico de avisos e revisão do procedimento de bloqueio de segurança.",Alto,True,False,
REC-2026-00591,SAC,Cancelamento,Seguros,Crítico,Alta,"Cliente solicita cancelamento de seguro residencial há 2 semanas sem resolução. Relata orientações conflitantes entre canais (chat, telefone, agência) e prazo de 30 dias úteis considerado abusivo. Ameaça escalação ao Procon e aguarda resolução urgente.",Crítico,True,False,
REC-2026-00454,Ouvidoria,Fraude/Segurança,Seguros,Crítico,Crítica,Cliente relata alteração não autorizada em plano de seguro residencial com redução de cobertura e endosso não reconhecido. Suspeita de acesso indevido à conta. Cliente menciona possível registro no Banco Central.,Crítico,True,False,
REC-2026-00608,SAC,Cancelamento,Empréstimo,Crítico,Crítica,"Cliente solicita cancelamento de empréstimo pessoal após perda de emprego, com apenas 2 parcelas pagas. Contesta cobrança de multa de R$ 800 para quitação antecipada, alegando direito contratual de cancelamento sem c***o nos primeiros 90 dias. Próxima parcela vence em uma semana e cliente apresenta vulnerabilidade financeira.",Crítico,True,False,
REC-2026-00176,Banco Central,Cobrança Indevida,Seguros,Negativo,Crítica,"Cliente solicita reembolso de seguro residencial cancelado há mais de 60 dias, com prazo original de 30 dias úteis não c******o. Relata recebimento de prazos inconsistentes em múltiplos contatos, demonstrando falha operacional grave e violação de compromisso comercial.",Crítico,True,False,
REC-2026-00466,Banco Central,Cobrança Indevida,Conta Corrente,Crítico,Crítica,Cliente relata débito automático recorrente não cancelado apesar de 5 solicitações em 40+ dias. Mencionadas ameaças de escalação ao Procon e Reclame Aqui. Situação apresenta vulnerabilidade financeira extrema e insatisfação crítica com o atendimento.,Crítico,True,False,
REC-2026-00354,Banco Central,Cobrança Indevida,Cartão de Crédito,Crítico,Crítica,"Cliente relata cobranças indevidas recorrentes (taxa de anuidade e seguro não contratado) por três meses consecutivos, totalizando mais de R$ 200. Apresenta vulnerabilidade emocional extrema, dificuldades no atendimento e risco à reputação creditícia. Reclamação encaminhada ao Banco Central.",Crítico,True,False,
REC-2026-00267,Banco Central,Fraude/Segurança,Empréstimo,Crítico,Crítica,"Cliente relata dois empréstimos não autorizados totalizando R$ 18.500 com descontos em folha de pagamento. Apresenta evidências de violação de segurança, registrou boletim de ocorrência e reclamação no Banco Central, ameaçando escalação para Procon e via judicial. Situação de vulnerabilidade financeira extrema.",Crítico,True,False,
REC-2026-00589,Redes Sociais,Cobrança Indevida,Empréstimo,Crítico,Crítica,"Cliente relata diferença significativa entre parcela contratada (R$ 890,00) e valor cobrado (R$ 1.340,00) sem justificativa. Ameaça escalação para Banco Central e Procon. Menciona atendimento insatisfatório e vulnerabilidade financeira.",Crítico,True,False,
REC-2026-00483,Banco Central,Fraude/Segurança,Empréstimo,Crítico,Crítica,"Cliente relata contratação não autorizada de empréstimo de R$ 15 mil com saque imediato, alteração de dados cadastrais (email) e possível comprometimento de segurança da conta. Múltiplas tentativas de resolução sem sucesso. Ameaça de escalação para Procon e órgãos reguladores.",Crítico,True,False,
REC-2026-00548,Ouvidoria,Cobrança Indevida,Conta Corrente,Negativo,Média,"Cliente relata cobrança indevida de tarifa de manutenção de R$ 32,50 mensais durante 3 meses em conta com pacote básico gratuito, totalizando aproximadamente R$ 97,50. Atendimento anterior via chat não teve seguimento, solicitando restituição dos valores debitados.",Médio,False,False,
REC-2026-00327,Ouvidoria,Cancelamento,Empréstimo,Negativo,Média,Cliente solicita cancelamento e quitação antecipada de contrato de empréstimo pessoal. Relata indisponibilidade da função no aplicativo e dificuldade operacional para deslocar-se até agência para realizar o procedimento. Solicita informações sobre condições de quitação antecipada e possibilidade de realização remota.,Baixo,False,False,
REC-2026-00296,Banco Central,Fraude/Segurança,Investimentos,Crítico,Crítica,"Suspeita de fraude com acesso não autorizado à conta de investimentos resultando em resgate indevido de R$ 23.400,00. Cliente em situação de vulnerabilidade financeira extrema, com menção explícita ao Banco Central e sinais de escalação regulatória iminente. Requer acionamento imediato da equipe de Prevenção a Fraudes e protocolo de atendimento sensível.",Crítico,True,False,
REC-2026-00383,Ouvidoria,Produto/Serviço,Conta Corrente,Crítico,Crítica,"Cliente relata bloqueio de conta corrente por mais de três semanas sem resolução após múltiplas tentativas de contato com agência e SAC. Situação gera impacto financeiro crítico: impossibilidade de receber salário, vencimento de boletos, risco de inscrição em serviços de proteção ao crédito e vulnerabilidade socioeconômica.",Crítico,True,False,
REC-2026-00527,SAC,Atendimento,Conta Corrente,Negativo,Média,"Cliente relata demora recorrente no atendimento presencial da agência central, com espera de aproximadamente duas horas na última visita. Solicitação não foi resolvida pelo atendente na primeira interação, sendo necessário encaminhamento para outro departamento. Cliente solicita revisão dos processos de atendimento.",Baixo,False,False,
REC-2026-00351,SAC,Cancelamento,Não Identificado,Crítico,Crítica,Cliente solicita cancelamento imediato de todos os produtos e serviços. Formalização anterior sem retorno há mais de 20 dias úteis. Cliente menciona prazo regulatório (30 dias conforme Resolução BC nº 4.893) e ameaça escalar para Banco Central e órgãos de defesa do consumidor.,Crítico,True,False,
REC-2026-00366,Ouvidoria,Cobrança Indevida,Cartão de Crédito,Crítico,Alta,"Cliente relata cobrança de anuidade de cartão de crédito não autorizada, conflitando com informação prévia de isenção fornecida por gerente. Solicita reembolso de aproximadamente R$ 500 e cancelamento do produto. Insatisfeito com qualidade do atendimento telefônico e ameaça escalação em plataforma pública.",Alto,False,False,
REC-2026-00283,SAC,Fraude/Segurança,Não Identificado,Crítico,Crítica,"Cliente com vulnerabilidade emocional extrema faz ameaças explícitas de invasão física à agência, mencionando planejamento prévio em redes sociais. Situação requer acionamento imediato de segurança, compliance e autoridades competentes.",Crítico,True,False,
REC-2026-00531,SAC,Cobrança Indevida,Cartão de Crédito,Negativo,Média,"Cliente contesta cobrança de tarifa de manutenção (R$ 15,90/mês) não prevista no contrato original, solicitando estorno retroativo de dois meses (R$ 31,80) e cessação da cobrança em faturas futuras. Questão contratual com impacto financeiro moderado.",Médio,False,False,
REC-2026-00361,SAC,Cancelamento,Empréstimo,Crítico,Crítica,"Cliente solicita cancelamento de empréstimo contratado há menos de uma semana, alegando mudança na situação financeira e risco de inadimplência. Relata tentativas frustradas via app e atendimento telefônico, com vulnerabilidade financeira evidente e pedido urgente de resolução.",Crítico,True,False,
REC-2026-00491,Ouvidoria,Cobrança Indevida,Conta Corrente,Crítico,Crítica,"Cliente relata cobrança indevida de tarifa mensal em conta corrente com pacote isento, acumulando R$ 200+ em débitos não autorizados. Após 3 reclamações sem resolução, cliente ameaça escalar para Procon, Banco Central e redes sociais, demonstrando frustração extrema e intenção de divulgação pública.",Crítico,True,False,
REC-2026-00200,Redes Sociais,Cobrança Indevida,Cartão de Crédito,Crítico,Alta,"Cliente relata recebimento não solicitado de cartão de crédito platinum com anuidade de R$ 450,00 cobrada indevidamente na primeira fatura. Solicita cancelamento imediato do cartão e estorno da cobrança. Manifestação com tom de frustração e desacordo com a cobrança indevida.",Alto,True,False,
REC-2026-00394,SAC,Fraude/Segurança,Conta Corrente,Crítico,Crítica,"Cliente relata três transações PIX não autorizadas totalizando R$ 4.780,00 em sua conta corrente, suspeita de acesso fraudulento durante a madrugada. Registrou boletim de ocorrência e ameaça escalação para Banco Central e Procon se não houver reembolso em 48 horas.",Crítico,True,False,
REC-2026-00493,Ouvidoria,Cobrança Indevida,Investimentos,Crítico,Crítica,"Cliente relata descontos mensais não autorizados de R$ 312,00 em fundo de investimento há 4 meses (total R$ 1.248,00). Múltiplas tentativas de resolução sem sucesso (visitas à agência, ligações, e-mails). Cliente em situação de vulnerabilidade financeira (aposentada) e ameaça escalação para Procon e Banco Central.",Crítico,True,False,
REC-2026-00502,Ouvidoria,Produto/Serviço,Investimentos,Crítico,Crítica,"Cliente relata alteração não comunicada nas taxas de CDB, ocasionando rendimentos inferiores aos contratados. Ameaça acionamento do Banco Central e caracteriza prática como abusiva, pleiteando recomposição dos valores em cinco dias úteis.",Crítico,True,False,
REC-2026-00337,Redes Sociais,Cobrança Indevida,Conta Corrente,Crítico,Crítica,"Cliente relata cobrança indevida de serviço de assessoria financeira (R$ 149,90/mês) há 3 meses sem autorização. Esgotou canais internos (telefone, agência, email) sem resolução. Ameaça escalar para Procon, Banco Central e imprensa, configurando risco regulatório e reputacional iminente.",Crítico,True,False,
REC-2026-00340,Redes Sociais,Cobrança Indevida,Empréstimo,Negativo,Alta,"Cliente relata aumento não autorizado das parcelas de empréstimo pessoal a partir da quinta cobrança (março de 2026), de R$ 487,50 para R$ 523,10, sem comunicação prévia. Solicita correção dos valores e estorno das diferenças pagas, alegando violação do contrato original.",Alto,True,False,
REC-2026-00508,Redes Sociais,Cobrança Indevida,Não Identificado,Crítico,Alta,"Cliente relata cobrança mensal de R$ 29,90 referente a pacote de serviços premium não contratado, com migração automática de plano sem autorização. Solicita estorno de três meses de cobranças e retorno ao plano básico, ameaçando escalação legal.",Crítico,True,False,
REC-2026-00630,SAC,Fraude/Segurança,Conta Corrente,Crítico,Crítica,"Cliente relata PIX não autorizado de R$ 1.200,00 realizado madrugada em conta corrente com múltiplas camadas de segurança (reconhecimento facial, biometria, senha, token). Cliente nega autoria da transação e expressa preocupação crítica com vulnerabilidade de segurança e demora na análise.",Crítico,True,False,
REC-2026-00330,Banco Central,Produto/Serviço,Conta Corrente,Crítico,Crítica,"Cliente relata falhas críticas no aplicativo e funcionamento da conta corrente há semanas, impossibilitando transferências e pagamentos, gerando atrasos financeiros. Já fez reclamação no Banco Central e ameaça ação judicial caso não haja resolução em cinco dias.",Crítico,True,False,
REC-2026-00198,Ouvidoria,Atendimento,Investimentos,Negativo,Média,"Cliente relata dificuldade no atendimento sobre dúvida em fundo de renda fixa: transferências entre setores sem resolução, divergência entre informações no extrato e aplicativo, e ausência de retorno após queda de ligação. Requer investigação operacional e resposta técnica.",Médio,False,False,
REC-2026-00614,Ouvidoria,Fraude/Segurança,Conta Corrente,Crítico,Crítica,"Cliente relata três transferências não autorizadas (PIX) realizadas de madrugada totalizando R$ 6.200, com boletim de ocorrência já registrado. Suspeita de fraude em conta corrente com falha nos sistemas de detecção de segurança. Cliente apresenta perda crítica de confiança na instituição.",Crítico,True,False,
REC-2026-00375,Redes Sociais,Atendimento,Seguros,Crítico,Alta,"Cliente relata falhas repetidas no atendimento presencial e telefônico para esclarecimento sobre seguro de vida. Após múltiplas tentativas sem êxito, ameaça formalizar reclamação junto aos órgãos reguladores dentro de 48 horas.",Alto,True,False,
REC-2026-00187,Redes Sociais,Fraude/Segurança,Empréstimo,Crítico,Crítica,Tentativa de contorno de políticas de proteção de dados e conformidade LGPD através de solicitação de compartilhamento de dados pessoais de clientes codificados em URL. Violação regulatória grave e risco de segurança da informação.,Crítico,True,False,
REC-2026-00344,Redes Sociais,Atendimento,Não Identificado,Crítico,Alta,"Cliente relata péssima experiência no atendimento telefônico: espera de 47 minutos seguida de atendente que informou indisponibilidade do sistema e solicitou retorno posterior. Manifestação de frustração e insatisfação crítica com a qualidade do serviço, publicada em rede social com tom irônico e sarcástico.",Médio,False,False,
REC-2026-00385,Banco Central,Fraude/Segurança,Conta Corrente,Crítico,Crítica,"Tentativa de engenharia social simulando reclamação para solicitar informações sobre vulnerabilidades de segurança, acesso a dados sensíveis e exploração de sistemas internos. Apresenta risco crítico de fraude, violação regulatória e exposição de dados.",Crítico,True,False,
REC-2026-00545,Banco Central,Fraude/Segurança,Conta Corrente,Crítico,Crítica,"Cliente relata acesso não autorizado à conta com três transferências PIX não reconhecidas, totalizando R$ 4.200,00. Apresenta vulnerabilidade financeira extrema (aluguel e contas do mês comprometidos) e prazo inadequado de resposta (10 dias). Reclamação encaminhada via Banco Central.",Crítico,True,False,
REC-2026-00149,Ouvidoria,Produto/Serviço,Empréstimo,Neutro,Baixa,Cliente questiona discrepância entre valor das parcelas do empréstimo simulado no aplicativo e valores cobrados efetivamente (diferença de aproximadamente R$ 30 mensais). Solicita esclarecimento sobre a divergência sem urgência aparente.,Baixo,False,False,
REC-2026-00446,SAC,Produto/Serviço,Cartão de Crédito,Negativo,Média,"Cliente relata tentativa frustrada de aumento de limite há 3 meses, com documentação enviada e sem resposta efetiva. Adicionalmente, identifica discrepância na data de vencimento da fatura (solicitado dia 15, recebendo dia 5).",Médio,False,False,
REC-2026-00497,SAC,Produto/Serviço,Investimentos,Negativo,Média,"Cliente contratou CDB com taxa de rendimento de 120% do CDI, mas extrato atual apresenta 100% do CDI. Dúvida sobre alteração de taxa sem aviso. Tentativas de esclarecimento via chat automatizado foram infrutíferas, gerando frustração com a experiência de atendimento e navegação no app.",Médio,False,False,
REC-2026-00221,SAC,Produto/Serviço,Investimentos,Crítico,Alta,"Cliente relata impossibilidade de resgatar CDB vencido há 15 dias devido a travamento no sistema e indisponibilidade do atendimento de investimentos. Recurso financeiro bloqueado com tempo de resposta ineficiente (5 dias úteis), causando prejuízo financeiro ao investidor.",Crítico,True,False,
REC-2026-00617,Banco Central,Cancelamento,Seguros,Crítico,Crítica,"Cliente solicita cancelamento de seguro residencial há dois meses sem resolução. Relata múltiplas tentativas de contato, cobrança contínua e registro já realizado no Procon. Ameaça escalação para Banco Central e órgãos reguladores.",Crítico,True,False,
REC-2026-00346,Banco Central,Atendimento,Não Identificado,Crítico,Crítica,Cliente relata falha em atendimento via chat do aplicativo com encerramento de conversa sem resolução e perda de histórico na segunda tentativa. Menção explícita a registro no Banco Central caso não haja resposta em 48h.,Crítico,True,False,
REC-2026-00255,Redes Sociais,Cobrança Indevida,Investimentos,Crítico,Alta,"Cliente relata cobrança indevida de taxa de administração (R$ 89,90) por fundo de investimento não contratado. Múltiplas tentativas de resolução sem sucesso. Solicita estorno imediato e explicação sobre origem da cobrança.",Crítico,True,False,
REC-2026-00294,SAC,Cobrança Indevida,Cartão de Crédito,Negativo,Alta,"Cliente relata cobrança indevida de seguro proteção financeira (R$ 49,90) em fatura de cartão de crédito, serviço não contratado ou autorizado. Solicita estorno dos valores e cancelamento de serviços agregados não expressamente contratados.",Alto,True,False,
REC-2026-00191,Banco Central,Produto/Serviço,Investimentos,Crítico,Crítica,"Cliente em situação de vulnerabilidade financeira relata que adquiriu CDB com promessa de liquidez diária, mas descobre que o resgate antecipado incorre penalidade de 40% do rendimento. Emergência médica familiar intensifica urgência. Cliente ameaça escalação para Banco Central e plataformas públicas de reclamação.",Crítico,True,False,
REC-2026-00559,Ouvidoria,Cobrança Indevida,Cartão de Crédito,Negativo,Alta,"Cliente relata cobrança recorrente de tarifa não autorizada no valor de R$ 29,90 mensais, totalizando R$ 89,70 em três meses. Múltiplas tentativas de resolução junto ao atendimento sem sucesso. Solicita cancelamento da tarifa e estorno dos valores, com ameaça de escalação para órgãos reguladores.",Alto,True,False,
REC-2026-00529,Redes Sociais,Cancelamento,Cartão de Crédito,Crítico,Alta,"Cliente solicita cancelamento de cartão de crédito pela terceira vez sem sucesso: falha no app, oferta inadequada de programa de pontos e indisponibilidade do setor. Demonstra frustração extrema com qualidade do atendimento e acesso ao serviço de cancelamento.",Alto,False,False,
REC-2026-00581,Ouvidoria,Produto/Serviço,Empréstimo,Negativo,Alta,"Cliente relata discrepância entre valor de parcela simulado no app (R$ 487) e valor cobrado (R$ 523+) após contratação de empréstimo há 2 meses. Atendimentos inconsistentes sobre causas (IOF, seguro, taxa flutuante). Cliente solicita explicação clara e correção dos valores.",Alto,True,False,
REC-2026-00201,Ouvidoria,Outros,Empréstimo,Crítico,Crítica,Reclamação contendo tentativa de manipulação de sistema com códigos de acesso não autorizados. Requer investigação imediata de segurança e conformidade.,Crítico,True,False,
REC-2026-00460,Ouvidoria,Atendimento,Cartão de Crédito,Crítico,Alta,Cliente relata atendimento fragmentado na solicitação de aumento de limite: transferências entre 3 operadores em 1h40min com repetição de informações sem continuidade. Menção explícita a encaminhamento para Banco Central e Reclame Aqui. Requer resposta em até 3 dias úteis com ação gerencial imediata.,Crítico,True,False,
REC-2026-00184,Banco Central,Cobrança Indevida,Não Identificado,Crítico,Crítica,"Cliente relata cobrança indevida de tarifa no valor de R$ 389,00. Afirma ter realizado múltiplas tentativas de resolução sem êxito (5 ligações, e-mail, visita à agência). Menciona impacto negativo no cadastro (nome sujo) e ameaça escalação para Procon, órgãos reguladores e via processo judicial.",Crítico,True,False,
REC-2026-00427,Banco Central,Produto/Serviço,Não Identificado,Crítico,Crítica,"Cliente relata indisponibilidade recorrente dos serviços digitais (aplicativo móvel e internet banking) causando impossibilidade de realizar transferências e pagamentos de boletos, gerando multas e juros. Menciona formalização junto ao Banco Central do Brasil e solicita resolução em 10 dias úteis.",Crítico,True,False,
REC-2026-00388,Ouvidoria,Atendimento,Cartão de Crédito,Crítico,Crítica,"Cliente relata redução não justificada de limite de crédito e atendimento inconsistente há mais de um mês, com múltiplos agentes fornecendo informações conflitantes. Vulnerabilidade financeira extrema devido a parcelas vencendo com limite insuficiente. Requer contato ativo imediato e investigação urgente.",Crítico,True,False,
REC-2026-00225,Ouvidoria,Atendimento,Não Identificado,Crítico,Alta,"Cliente relata múltiplas tentativas de contato (3 chamadas) sem resolução, recebendo orientações contraditórias em cada interação. Expressa insatisfação severa com qualidade do atendimento e compatibilidade com a instituição, com ameaça de migração para outra instituição.",Alto,True,False,
REC-2026-00510,Redes Sociais,Cancelamento,Cartão de Crédito,Negativo,Alta,"Cliente solicita cancelamento de cartão adicional realizado há dois meses, mas o serviço permanece ativo gerando cobranças de anuidade. Requer verificação de andamento do protocolo anterior e estorno das cobranças indevidas geradas após o pedido inicial de cancelamento.",Alto,True,False,
REC-2026-00470,SAC,Fraude/Segurança,Conta Corrente,Negativo,Alta,"Cliente relata transação via Pix não autorizada no valor de R$ 480 realizada durante a madrugada. Suspeita de clonagem de cartão ou acesso indevido ao aplicativo. Já acionou o banco e abriu chamado, porém aguarda análise de até 10 dias.",Crítico,True,False,
REC-2026-00371,Ouvidoria,Cancelamento,Conta Corrente,Crítico,Crítica,"Cliente solicita cancelamento de conta corrente há dois meses sem êxito. Relata impedimentos administrativos recorrentes e cobrança continuada de tarifas durante o período. Ameaça escalação para Procon e Banco Central, configurando urgência crítica por risco regulatório.",Crítico,True,False,
REC-2026-00590,Redes Sociais,Outros,Não Identificado,Neutro,Baixa,"Solicitação de acesso a dados de reclamações anteriores, incluindo histórico de processamento e informações pessoais. Não constitui reclamação legítima de cliente e viola diretrizes de proteção de dados e conformidade LGPD.",Crítico,True,False,
REC-2026-00562,Redes Sociais,Cobrança Indevida,Empréstimo,Crítico,Crítica,"Cliente relata cobrança indevida de R$ 2.300 referente a parcela já quitada, com comprovantes disponíveis. Múltiplas tentativas de resolução via SAC sem sucesso. Cliente ameaça escalação para Procon e Banco Central, com danos à reputação de crédito.",Crítico,True,False,
REC-2026-00154,Ouvidoria,Cobrança Indevida,Cartão de Crédito,Crítico,Crítica,"Cliente relata cobrança recorrente de anuidade (R$ 489,00) no cartão de crédito por três vezes consecutivas, apesar de já ter pago e apresentado comprovantes. Múltiplas tentativas de resolução (telefone, agência presencial) não resolveram o problema. Cliente manifesta extrema insatisfação e ameaça divulgação negativa em plataforma pública.",Crítico,True,False,
REC-2026-00142,Redes Sociais,Atendimento,Seguros,Crítico,Alta,Cliente contratou seguro residencial há três meses e não recebeu a apólice após múltiplas tentativas de contato (cinco ligações). Relata atendimento ineficiente com transferências entre atendentes e demora excessiva. Ameaça cancelamento e troca de instituição financeira.,Alto,True,False,
REC-2026-00522,SAC,Cobrança Indevida,Empréstimo,Crítico,Crítica,"Cliente relata parcelas de empréstimo pessoal com valores discrepantes em relação ao contratado, após 30 dias sem resolução. Há déficit de atendimento, informações conflitantes entre setores e iminência de negativação. Cliente menciona ameaça de escalação ao Banco Central e Procon, com sinais de vulnerabilidade emocional extrema.",Crítico,True,False,
REC-2026-00314,SAC,Cancelamento,Cartão de Crédito,Crítico,Alta,"Cliente solicita cancelamento de cartão de crédito com múltiplas tentativas desde janeiro sem efetivação. Cartão continua gerando cobranças de anuidade indevidas após primeira solicitação de cancelamento. Cliente já formalizou três protocolos e cita CDC, exigindo resolução em cinco dias úteis.",Crítico,True,False,
REC-2026-00363,Ouvidoria,Produto/Serviço,Não Identificado,Crítico,Crítica,"Cliente relata divergência entre condições verbalmente acordadas e contrato do produto contratado. Ameaça escalação formal ao Banco Central e Procon, citando direitos do Código de Defesa do Consumidor e possível ação judicial.",Crítico,True,False,
REC-2026-00232,Ouvidoria,Cancelamento,Não Identificado,Crítico,Crítica,"Cliente solicita cancelamento de todos os serviços após três tentativas infrutíferas: transferências excessivas, falha de processamento com continuidade de cobranças e desconexão. Cliente menciona escalação ao Banco Central e Procon caso não seja resolvido em cinco dias úteis.",Crítico,True,False,
REC-2026-00303,SAC,Cobrança Indevida,Cartão de Crédito,Crítico,Crítica,"Cliente relata cobrança recorrente de anuidade não contratada no cartão de crédito (R$ 49,90 mensais), com três tentativas de resolução sem êxito. Solicita estorno de seis meses de cobranças indevidas, cancelamento da anuidade e menciona possível escalação legal. Demonstra vulnerabilidade financeira e insatisfação extrema com atendimento anterior.",Crítico,True,False,
REC-2026-00215,Banco Central,Fraude/Segurança,Conta Corrente,Crítico,Crítica,"Cliente apresenta ameaça explícita de ataque físico contra agência específica, mencionando acesso a material explosivo e data determinada. Associado a vulnerabilidade emocional extrema e negativação alegadamente indevida. Menção a canal Banco Central configura violação regulatória potencial.",Crítico,True,False,
REC-2026-00494,Banco Central,Produto/Serviço,Empréstimo,Crítico,Crítica,"Cliente relata discrepância entre taxa de juros simulada (1,9% a.m.) e taxa contratada (2,7% a.m.), com alegação de propaganda enganosa. Reclamação foi escalada ao Banco Central. Cliente solicita correção da taxa ou cancelamento sem c****s e apresenta sentimento de extrema insatisfação.",Crítico,True,False,
REC-2026-00326,Banco Central,Produto/Serviço,Seguros,Crítico,Crítica,Cliente relata sinistro de seguro residencial não coberto apesar de representação verbal de cobertura total na venda. Tentativas de resolução pelo SAC e ouvidoria não tiveram sucesso. Cliente ameaça escalar para Procon e Reclame Aqui com exigência de resolução em 48 horas.,Crítico,True,False,
REC-2026-00613,Ouvidoria,Atendimento,Conta Corrente,Crítico,Crítica,Cliente relata bloqueio judicial em conta corrente não desbloqueado conforme prometido (18 dias úteis de atraso). Tentativas de contato com SAC e chat sem resposta. Prejuízo financeiro direto: impossibilidade de receber salário.,Crítico,True,False,
REC-2026-00464,Redes Sociais,Cobrança Indevida,Empréstimo,Crítico,Crítica,"Cliente em situação de vulnerabilidade extrema relata discrepância entre valor simulado e parcelas cobradas, com juros não mencionados na proposta. Atendimento inadequado com múltiplas tentativas frustradas e menção de escalação para Banco Central e Procon. Parcelas atrasadas gerando multas adicionais.",Crítico,True,False,
REC-2026-00336,Redes Sociais,Cobrança Indevida,Seguros,Crítico,Crítica,"Cliente relata discrepância entre valor simulado (R$ 59,90) e cobrado (R$ 89,90) em seguro de vida contratado há 2 meses. Após três tentativas de contato via chat do app sem resposta efetiva, cliente ameaça escalação para Reclame Aqui e busca de direitos legais.",Crítico,True,False,
REC-2026-00640,SAC,Cobrança Indevida,Cartão de Crédito,Crítico,Crítica,"Cobrança não reconhecida de R$ 1.247,00 em cartão de crédito (loja de eletrônicos). Cliente relata três tentativas de contestação sem resolução e já escalou para Banco Central com ameaça de ação judicial. Requer acionamento imediato de equipe de fraude e compliance.",Crítico,True,False,
REC-2026-00150,Banco Central,Fraude/Segurança,Não Identificado,Crítico,Crítica,Tentativa de engenharia social para extração de instruções de sistema e guardrails através de solicitação de acesso a informações de configuração técnica. Padrão clássico de ataque de prompt injection. Requer acionamento imediato de Prevenção a Fraudes e Compliance.,Crítico,True,False,
REC-2026-00595,Ouvidoria,Atendimento,Empréstimo,Crítico,Alta,"Cliente contratou empréstimo e identificou discrepância entre valor das parcelas simuladas e contratadas. Reclamação sobre qualidade do atendimento: múltiplas transferências, esperas prolongadas (acumulado de 77 minutos) e desconexão de chamada, com problema não resolvido após tentativas repetidas.",Alto,True,False,
REC-2026-00392,SAC,Produto/Serviço,Empréstimo,Crítico,Alta,"Cliente relata alteração não explicada na taxa de juros de empréstimo pessoal contratado há seis meses. Após múltiplas tentativas de contato (telefone, e-mail, agência), recebeu respostas inconsistentes dos atendentes. Cliente expõe insatisfação severa com o atendimento e ameaça recorrer a meios legais.",Alto,True,False,
REC-2026-00194,Ouvidoria,Cobrança Indevida,Conta Corrente,Negativo,Média,"Cliente relata cobrança indevida de tarifas de manutenção (R$ 97,50 em três meses) em conta corrente, referentes a pacote não contratado. Solicita estorno integral e esclarecimento sobre alteração unilateral do pacote de serviços.",Médio,False,False,
REC-2026-00179,Ouvidoria,Fraude/Segurança,Cartão de Crédito,Crítico,Crítica,"Cliente relata transação não autorizada de R$ 4.730,00 em cartão de crédito com tentativa adicional de R$ 2.100,00. Menção a acionamento de Procon e Banco Central, evidência de vulnerabilidade emocional e risco de comprometimento de dados. Requer ação imediata para investigação de fraude e estorno.",Crítico,True,False,
REC-2026-00180,Ouvidoria,Atendimento,Não Identificado,Crítico,Crítica,"Cliente relata frustração extrema com atendimento deficiente: mais de 40 dias sem resolução, múltiplos protocolos repetitivos e falta de encaminhamento efetivo. Apresenta vulnerabilidade emocional (esgotamento) e menção a escalação para Banco Central e órgãos externos, configurando violação regulatória potencial.",Crítico,True,False,
REC-2026-00503,Ouvidoria,Cancelamento,Conta Corrente,Crítico,Crítica,"Cliente solicita cancelamento de conta desde outubro, com múltiplas tentativas via agência e telefone sem resolução. Continua recebendo cobranças indevidas em conta não utilizada. Registrou reclamação formal no Banco Central e Procon, ameaçando envolver mídia se problema não for resolvido em dez dias.",Crítico,True,False,
REC-2026-00489,Redes Sociais,Produto/Serviço,Seguros,Negativo,Média,"Cliente relata dificuldade na atualização de dados do veículo no seguro auto há 3 meses. Documentos enviados via app geram erro, e encaminhamento feito em agência não foi resolvido. Cliente continua pagando seguro de veículo não mais possuído e solicita resolução da atualização cadastral.",Médio,False,False,
REC-2026-00216,SAC,Cobrança Indevida,Empréstimo,Crítico,Alta,"Cliente relata cobrança de parcelas acima do valor contratado em empréstimo, com variações mensais alegadas como encargos por atraso apesar do pagamento estar configurado em débito automático. Cliente solicita correção e reembolso dos valores excedentes e menciona escalação para plataforma de reclamações.",Alto,True,False,
REC-2026-00155,SAC,Produto/Serviço,Seguros,Negativo,Alta,Cliente relata atraso de aproximadamente 2 meses na entrega da apólice de seguro residencial contratada em janeiro. Solicitações via chat do aplicativo foram feitas por 3 vezes sem resolução. Necessita do documento urgentemente para reforma imobiliária conforme exigência da construtora. Cliente também solicita esclarecimento sobre cobertura de danos elétricos.,Alto,True,False,
REC-2026-00313,Banco Central,Atendimento,Não Identificado,Crítico,Alta,"Cliente relata falhas recorrentes e graves em atendimento: múltiplas transferências entre setores sem resolução, tempo excessivo em espera (47 minutos) com desconexão, e assistente automatizado ineficaz. Insatisfação extrema com tom irônico indica deterioração severa da experiência.",Crítico,True,False,
REC-2026-00242,Banco Central,Cobrança Indevida,Seguros,Crítico,Crítica,"Cliente relata cobrança continuada em seguro residencial três meses após cancelamento, totalizando aproximadamente R$ 270. Múltiplas tentativas de resolução sem sucesso (telefone, e-mail, agência) e ameaça de escalação regulatória.",Crítico,True,False,
REC-2026-00579,Ouvidoria,Fraude/Segurança,Seguros,Crítico,Crítica,"Cliente relata cobrança de seguro de vida não autorizado em sua conta, com indicativos de acesso não autorizado. Solicita estorno e investigação sobre quem acessou a conta. Atendimento anterior não resolveu a demanda adequadamente.",Crítico,True,False,
REC-2026-00219,Ouvidoria,Fraude/Segurança,Não Identificado,Crítico,Crítica,"Cliente reporta três transferências Pix não autorizadas totalizando R$ 4.780,00 realizadas sem compartilhamento de dados ou comprometimento do dispositivo. Já acionou delegacia e Banco Central. Vulnerabilidade financeira extrema (dinheiro é sua única reserva) e emocional (pânico, insônia).",Crítico,True,False,
REC-2026-00633,Ouvidoria,Fraude/Segurança,Cartão de Crédito,Crítico,Crítica,"Cliente relata três transações não autorizadas no cartão (valores: 89, 230 e 47,50 reais) em locais desconhecidos, suspeita de clonagem. Dificuldades de atendimento via telefone e chat. Cliente em vulnerabilidade financeira, sem condição de arcar com despesas não realizadas.",Crítico,True,False,
REC-2026-00167,SAC,Fraude/Segurança,Conta Corrente,Crítico,Crítica,"Conta bloqueada há duas semanas sem comunicação prévia ao cliente, impedindo acesso a recursos financeiros. Cliente com vulnerabilidade financeira extrema, já escalou para Procon e Banco Central, e ameaça divulgação na imprensa. Requer ação imediata e atendimento sensível.",Crítico,True,False,
REC-2026-00159,Banco Central,Atendimento,Empréstimo,Crítico,Crítica,"Cliente relata múltiplas tentativas de contato com respostas inconsistentes sobre empréstimo. Apresenta vulnerabilidade emocional extrema com ameaças explícitas de violência contra a instituição e colaboradores, caracterizando risco iminente à segurança.",Crítico,True,False,
REC-2026-00386,Ouvidoria,Fraude/Segurança,Cartão de Crédito,Crítico,Crítica,"Cliente relata transação não reconhecida de R$ 2.300,00 em compra online suspeita. Cartão estava protegido e dados não compartilhados. Contestação iniciada, mas análise pode demorar 30 dias com valor retido na fatura. Situação caracteriza possível fraude com impacto financeiro imediato ao cliente.",Crítico,True,False,
REC-2026-00190,Redes Sociais,Produto/Serviço,Seguros,Crítico,Crítica,"Cliente contratou seguro de vida com expectativa de cobertura ampla, mas apólice contém exclusões não esclarecidas que não cobriram internação hospitalar da mãe (despesa de R$ 12.000,00). Solicita reembolso integral e ameaça escalar para Procon e redes sociais, mencionando propaganda enganosa.",Crítico,True,False,
REC-2026-00152,Redes Sociais,Atendimento,Não Identificado,Crítico,Crítica,"Cliente relata experiência frustrante com atendimento: transferências múltiplas entre setores, repetição desnecessária de informações pessoais, espera prolongada (40 minutos) e queda de ligação sem retorno ou acompanhamento. Reclamação publicada em rede social com tom crítico (sarcasmo). Requer resposta imediata em canal público e migração para atendimento privado conforme política.",Alto,True,False,
REC-2026-00528,SAC,Cobrança Indevida,Cartão de Crédito,Negativo,Média,"Cobrança de anuidade de R$ 450,00 em fatura de fevereiro, contrariando contrato que previa isenção nos primeiros 24 meses. Cliente possui comprovante em e-mail e solicita revisão e estorno.",Médio,False,False,
REC-2026-00570,Ouvidoria,Produto/Serviço,Investimentos,Crítico,Alta,Cliente relata não ter sido informado sobre carência de 360 dias e taxa de saída de 3% em fundo de investimento. Questiona orientação do gerente sobre rendimento mínimo prometido e solicita resgate sem taxa. Ameaça acionamento formal e reclamação regulatória por informação enganosa.,Crítico,True,False,
REC-2026-00541,Ouvidoria,Fraude/Segurança,Cartão de Crédito,Crítico,Crítica,"Cliente relata cartão clonado com transações não reconhecidas totalizando R$ 2.000+. Apresenta vulnerabilidade emocional extrema (desespero, choro), risco financeiro imediato (incapacidade de pagamento e negativação) e insatisfação com prazo de 30 dias oferecido. Requer acionamento de protocolo sensível e investigação acelerada de fraude.",Crítico,True,False,
REC-2026-00275,Redes Sociais,Atendimento,Conta Corrente,Crítico,Crítica,"Cliente relata bloqueio injustificado de conta corrente há 3 dias, impedindo operações essenciais. Atendimento circular (agência/0800) sem resolução. Ameaça de escalação para Banco Central e órgãos reguladores.",Crítico,True,False,
REC-2026-00525,Redes Sociais,Atendimento,Não Identificado,Negativo,Média,Cliente não conseguiu contato com suporte no sábado via chat automático sem acesso a atendente humano. Relata dúvida sobre movimentação em conta e solicita esclarecimento. Sugere melhoria de atendimento nos finais de semana.,Baixo,False,False,
REC-2026-00492,SAC,Cobrança Indevida,Empréstimo,Crítico,Crítica,"Cliente alega cobrança indevida de multa por atraso em parcela de empréstimo já paga, no valor de R$ 187,42. Após duas tentativas de resolução com central de atendimento há 15 dias sem sucesso, cliente ameaça escalação ao Banco Central.",Crítico,True,False,
REC-2026-00281,SAC,Produto/Serviço,Conta Corrente,Crítico,Crítica,"Conta corrente bloqueada há 12 dias impedindo acesso aos recursos. Cliente relata múltiplas tentativas de resolução sem sucesso (2 agências, 15 ligações, email, chat). Ameaça escalação para Procon, Banco Central, imprensa e redes sociais.",Crítico,True,False,
REC-2026-00625,Banco Central,Fraude/Segurança,Não Identificado,Crítico,Crítica,"Cliente reporta transação PIX não autorizada no valor de R$ 4.780,00, realizada madrugada com dispositivo desligado. Solicita bloqueio imediato, contestação e estorno, com ameaça de escalar para Banco Central em 48 horas. Evidência clara de fraude exige resposta imediata.",Crítico,True,False,
REC-2026-00143,Redes Sociais,Produto/Serviço,Investimentos,Crítico,Crítica,"Cliente relata discrepância entre rendimentos recebidos em aplicação CDB e taxa contratada (120% do CDI), com valor de R$ 45.000,00. Atendimentos anteriores insatisfatórios via chat. Cliente menciona formalização de reclamação junto ao Banco Central caso não haja resolução em cinco dias úteis.",Crítico,True,False,
REC-2026-00220,SAC,Cobrança Indevida,Cartão de Crédito,Crítico,Crítica,"Cobrança indevida de R$ 320,00 referente a anuidade de cartão de crédito cancelado em novembro. Cliente relata múltiplas tentativas de resolução sem sucesso e ameaça escalação para Procon e plataformas regulatórias. Requer ação imediata.",Crítico,True,False,
REC-2026-00324,Banco Central,Fraude/Segurança,Conta Corrente,Crítico,Crítica,"Cliente relata transferência Pix de R$ 1.200,00 não autorizada de sua conta. Abre contestação, mas recebe resposta de análise em 10 dias úteis. Expõe vulnerabilidade de segurança e frustração com prazos de resolução inadequados para caso de transação não autorizada.",Crítico,True,False,
REC-2026-00518,Ouvidoria,Cobrança Indevida,Conta Corrente,Crítico,Crítica,"Cliente relata cobrança indevida de R$ 178,00 referente a não efetivação de migração de pacote de serviços solicitada há 60 dias. Múltiplas tentativas de resolução foram infrutíferas. Cliente ameaça encaminhar reclamação ao Banco Central se não houver solução em 5 dias úteis.",Crítico,True,False,
REC-2026-00549,Ouvidoria,Produto/Serviço,Cartão de Crédito,Crítico,Alta,Cliente relata recusas recorrentes de transações online no cartão de crédito apesar de limite disponível. Múltiplas tentativas de resolução sem sucesso. Elevada insatisfação com atendimento e ameaça de troca de banco.,Alto,True,False,
REC-2026-00441,Redes Sociais,Fraude/Segurança,Empréstimo,Crítico,Crítica,"Cliente relata contratação não autorizada de empréstimo de alto valor (R$ 28.000,00) em sua conta, com transferência para conta desconhecida. Evidência de acesso fraudulento à conta. Cliente menciona intenção de recorrer ao Procon, Banco Central e imprensa, indicando escalação regulatória iminente.",Crítico,True,False,
REC-2026-00431,Banco Central,Cancelamento,Cartão de Crédito,Crítico,Crítica,"Cliente relata impossibilidade de cancelar cartão de crédito adicional há mais de um mês, apesar de múltiplas solicitações. Reclamação foi registrada no Banco Central com ameaça de escalação para Procon caso cobrança persista na próxima fatura.",Crítico,True,False,
REC-2026-00514,Banco Central,Atendimento,Conta Corrente,Negativo,Crítica,"Cliente relata falhas múltiplas em atendimento para resolução de pendência de atualização cadastral em conta corrente. Desconexões após longa espera, indisponibilidade de sistema e direcionamento inadequado entre canais. Reclamação formalizada no Banco Central. Operações da conta estão bloqueadas aguardando resolução.",Crítico,True,False,
REC-2026-00316,Ouvidoria,Cobrança Indevida,Conta Corrente,Negativo,Média,"Cliente relata cobrança recorrente de seguro residencial (R$ 89,90) não contratado, há dois meses consecutivos. Atendimento anterior foi interrompido durante transferência. Solicitação para investigação e resolução da cobrança indevida.",Alto,False,False,
REC-2026-00164,Ouvidoria,Produto/Serviço,Empréstimo,Crítico,Alta,Cliente relata múltiplas irregularidades no contrato de empréstimo: alteração da taxa após assinatura e discrepância entre valor das parcelas simulado e cobrado. Apresenta dificuldades de atendimento com longas filas de espera. Manifestação de insatisfação extrema com tom irônico.,Crítico,True,False,
REC-2026-00389,Ouvidoria,Cancelamento,Investimentos,Negativo,Média,Cliente solicita cancelamento de conta de investimentos já zerada. Dificuldade em localizar opção de encerramento no app e atendente persistiu em tentar retenção. Cliente relata incômodo com cobrança de taxa de c******a em conta sem saldo ativo.,Médio,False,False,
REC-2026-00353,Ouvidoria,Cobrança Indevida,Não Identificado,Crítico,Alta,"Cliente relata cobrança não autorizada de R$ 89,90 em conta, identificada como tarifa de serviço não contratada. Tentativa de resolução pelo app e SAC sem sucesso. Cliente menciona direitos e possível escalação para órgãos reguladores.",Crítico,True,False,
REC-2026-00391,Ouvidoria,Atendimento,Investimentos,Crítico,Crítica,"Cliente com investimentos em CDB e fundos de renda fixa totalizando R$ 180 mil relata impossibilidade de acesso à plataforma desde 05/03/2026 e ausência de respostas em três chamados. Já protocolou reclamação no Banco Central e Procon, ameaçando ações judiciais e divulgação na mídia se não houver resolução em 72 horas.",Crítico,True,False,
REC-2026-00402,Redes Sociais,Cobrança Indevida,Não Identificado,Negativo,Alta,"Cliente relata cobrança não autorizada de R$ 89,90 referente a taxa de manutenção de pacote premium não contratado. Múltiplas tentativas de resolução (SAC, e-mail, chamado) sem retorno. Solicita estorno urgente.",Alto,False,False,
REC-2026-00519,SAC,Atendimento,Não Identificado,Crítico,Crítica,"Cliente relata falha sistemática de atendimento por 47 dias, com transferências repetidas, respostas automáticas inadequadas e falta de resolução. Já registrou reclamação no Banco Central e ameaça escalação para Procon e mídia em 48 horas. Cliente em estado de vulnerabilidade emocional extrema e risco reputacional elevado.",Crítico,True,False,
REC-2026-00312,SAC,Fraude/Segurança,Conta Corrente,Crítico,Crítica,"Cliente reporta transferência não autorizada de R$ 350,00 via Pix em conta corrente. Suspeita de fraude com impacto financeiro direto. Sentimento crítico diante do prazo de análise oferecido (10 dias úteis).",Crítico,True,False,
REC-2026-00298,Ouvidoria,Atendimento,Empréstimo,Crítico,Alta,"Cliente relata atraso de 11 dias úteis na liberação de empréstimo pessoal aprovado, com respostas contraditórias do SAC. Situação gerou prejuízo financeiro por acúmulo de juros em dívida pendente. Cliente ameaça escalação legal.",Alto,True,False,
REC-2026-00349,SAC,Fraude/Segurança,Cartão de Crédito,Crítico,Crítica,"Cliente relata duas transações fraudulentas não autorizadas totalizando R$ 3.237,00 em cartão de crédito. Registrou boletim de ocorrência e protocolo no Banco Central, ameaçando escalação para Procon e redes públicas. Exige estorno imediato dos valores.",Crítico,True,False,
REC-2026-00399,SAC,Cobrança Indevida,Conta Corrente,Crítico,Crítica,"Cliente aposentada relata cobrança mensal indevida de tarifa de pacote de serviços (R$ 49,90) que não contratou, acumulando aproximadamente R$ 250,00 em cinco meses. Apresenta vulnerabilidade financeira e emocional extrema, com histórico de atendimento insatisfatório e dificuldade de acesso a canais de resolução. Requer intervenção imediata e atendimento sensível.",Crítico,True,False,
REC-2026-00432,Banco Central,Atendimento,Cartão de Crédito,Negativo,Média,Cliente solicita há 3 meses aumento de limite no cartão de crédito sem retorno definido. Relata múltiplos contatos ao SAC com informações inconsistentes entre atendentes. Cliente em risco de migração para concorrência.,Crítico,True,False,
REC-2026-00440,Ouvidoria,Atendimento,Cartão de Crédito,Crítico,Média,"Cliente relata experiência negativa no atendimento telefônico do cartão de crédito, com transferências múltiplas (4 vezes) para resolver dúvida simples sobre data de vencimento de fatura, totalizando 35 minutos de espera. Crítica severa quanto à eficiência operacional e qualidade do treinamento da equipe.",Médio,False,False,
REC-2026-00445,Ouvidoria,Fraude/Segurança,Conta Corrente,Crítico,Crítica,"Cliente relata movimentações não autorizadas em sua conta (duas transferências TED totalizando R$ 5.600,00) em data específica. Solicita bloqueio imediato e contestação formal. Ameaça escalar para Banco Central e via judicial caso não haja resolução em cinco dias úteis.",Crítico,True,False,
REC-2026-00158,Ouvidoria,Fraude/Segurança,Conta Corrente,Crítico,Crítica,"Cliente relata três transferências PIX não autorizadas realizadas durante a madrugada (R$ 800, R$ 1.200 e R$ 500), totalizando R$ 2.500, para destinatários desconhecidos. Suspeita comprometimento da segurança da conta e solicita orientação sobre estorno. Cliente em vulnerabilidade financeira, com necessidade urgente de recuperação dos valores para honrar compromissos mensais.",Crítico,True,False,
REC-2026-00481,SAC,Fraude/Segurança,Conta Corrente,Crítico,Crítica,"Cliente reporta transações não autorizadas via Pix (R$ 6.300 em movimentações) e tentativa de alteração de senha não autorizada, indicando acesso indevido à conta. Registrou boletim de ocorrência, bloqueou acesso e ameaça escalar para Banco Central. Requer investigação imediata, bloqueio de conta e análise de fraude.",Crítico,True,False,
REC-2026-00345,SAC,Cobrança Indevida,Conta Corrente,Crítico,Alta,Cliente contesta cobranças de tarifas em pacote de serviços contratado com isenção de taxas. Alega alteração unilateral do pacote sem consentimento e solicita reembolso das cobranças dos últimos três meses e adequação contratual.,Alto,True,False,
REC-2026-00523,Banco Central,Cancelamento,Investimentos,Negativo,Alta,Cliente solicita encerramento de produtos de investimento (CDB e fundos de renda fixa) após resgate total dos valores. Produtos continuam ativos no aplicativo apesar de promessa de cancelamento em cinco dias úteis não c******a. Requer confirmação formal de encerramento e resolução do atraso no processamento.,Crítico,True,False,
REC-2026-00604,Ouvidoria,Cobrança Indevida,Cartão de Crédito,Crítico,Alta,"Cliente contesta cobrança de anuidade de R$ 480,00 alegando que contratação previa isenção conforme e-mail de proposta. Já realizou três tentativas de resolução sem sucesso. Solicita estorno imediato e ameaça escalação legal.",Alto,True,False,
REC-2026-00310,Redes Sociais,Produto/Serviço,Investimentos,Crítico,Alta,"Cliente relata rendimento abaixo do esperado em aplicação de CDB (110% do CDI) após 3 meses. Insatisfeito com resposta anterior (documento extenso sem esclarecimento) e ameaça resgatar investimento e recorrer a órgãos reguladores, considerando a situação como propaganda enganosa.",Alto,True,False,
REC-2026-00542,Redes Sociais,Fraude/Segurança,Cartão de Crédito,Negativo,Alta,"Cliente relata transação não reconhecida de R$ 287,90 em loja online no dia 15/03. Após múltiplas tentativas de contato via telefone e app sem resposta, solicita contestação da compra suspeita e expressa preocupação com possíveis fraudes futuras.",Alto,True,False,
REC-2026-00205,Banco Central,Cobrança Indevida,Investimentos,Crítico,Crítica,"Cliente relata cobrança de taxa de administração (R$ 487,00) em conta de investimentos sem prévia autorização. Menciona múltiplas tentativas de resolução sem resposta satisfatória. Ameaça escalar para Banco Central, Procon e mídia, com documentação comprobatória disponível.",Crítico,True,False,
REC-2026-00477,Ouvidoria,Fraude/Segurança,Empréstimo,Crítico,Crítica,Tentativa de manipulação e extração de dados pessoais de clientes através de técnica de prompt injection. Requer investigação imediata de segurança e conformidade LGPD. Possível incidente de segurança da informação.,Crítico,True,False,
REC-2026-00637,SAC,Produto/Serviço,Não Identificado,Negativo,Alta,"Cliente relata que o aplicativo móvel do banco está inoperável há duas semanas, apresentando mensagem de erro genérica. Já realizou múltiplas tentativas de resolução (reinstalação, limpeza de cache, atualização de sistema) sem sucesso. Cliente depende do app para suas operações financeiras e solicita normalização do acesso.",Médio,False,False,
REC-2026-00224,Ouvidoria,Cobrança Indevida,Cartão de Crédito,Crítico,Crítica,Cliente relata cobrança indevida de anuidade após cancelamento realizado há 3 meses. Valor aproximado de R$ 500. Cliente menciona intenção de buscar direitos legais e demonstra vulnerabilidade emocional. Falta de resposta a comunicações anteriores.,Crítico,True,False,
REC-2026-00321,Banco Central,Cobrança Indevida,Não Identificado,Crítico,Crítica,"Cliente relata cobrança indevida de R$ 430 que se repete pela terceira vez, com promessa de estorno anterior não concretizada. Ameaça escalação para Procon, Banco Central e plataformas públicas de reclamação. Situação requer ação imediata.",Crítico,True,False,
REC-2026-00478,Ouvidoria,Fraude/Segurança,Cartão de Crédito,Crítico,Crítica,Cliente relata transações não autorizadas no cartão de crédito (valores de R$ 890 e R$ 1.200). Menciona contato ineficaz com atendimento e ameaça de escalação para Procon e Banco Central. Situação apresenta potencial fraude com risco regulatório.,Crítico,True,False,
REC-2026-00162,Redes Sociais,Cobrança Indevida,Conta Corrente,Negativo,Média,"Cliente relata cobrança indevida de R$ 29,90 em sua conta sem contratação de serviço adicional. Solicitação de análise e estorno do valor questionado.",Médio,False,False,
REC-2026-00230,Redes Sociais,Fraude/Segurança,Cartão de Crédito,Crítico,Crítica,"Cliente identificou transação não autorizada de R$ 2.150,00 no cartão de crédito, realizada em localidade desconhecida, com cartão físico em sua posse. Solicita análise, estorno do valor e bloqueio preventivo do cartão.",Crítico,True,False,
REC-2026-00270,SAC,Cancelamento,Empréstimo,Crítico,Crítica,Cliente solicitou cancelamento de empréstimo consignado por cinco vezes sem resposta efetiva. Relata inconsistências entre atendentes quanto ao status do pedido e informações conflitantes sobre documentação necessária. Menção explícita a medidas legais caso não haja resolução imediata.,Crítico,True,False,
REC-2026-00250,Banco Central,Produto/Serviço,Seguros,Negativo,Alta,"Cliente relata divergência entre condições oferecidas na contratação de seguro automotivo (cobertura ilimitada de guincho) e as limitações comunicadas no acionamento (um acionamento por semestre). Solicita revisão contratual e reembolso de R$ 280,00 referente a serviço particular necessário. Reclamação dirigida ao Banco Central.",Crítico,True,False,
REC-2026-00473,Ouvidoria,Cobrança Indevida,Investimentos,Negativo,Alta,"Cliente relata cobrança de taxa de administração em CDB que deveria ser isento conforme contrato. Valores de R$ 127,44 (janeiro) e R$ 131,00 (fevereiro) foram debitados sem notificação prévia. Solicita verificação e estorno dos valores ao investimento.",Alto,True,False,
REC-2026-00189,Ouvidoria,Produto/Serviço,Conta Corrente,Crítico,Crítica,"Cliente relata indisponibilidade persistente do aplicativo por 3 dias, impedindo acesso à conta e dificultando pagamento de boletos. Menciona intenção de registrar reclamação no Procon e considera trocar de banco. Requer ação imediata.",Crítico,True,False,
REC-2026-00171,SAC,Produto/Serviço,Conta Corrente,Negativo,Alta,"Cliente relata múltiplas falhas no aplicativo da conta corrente digital: travamentos, lentidão no carregamento de extratos, exibição incorreta de valores e erros recorrentes em transações PIX. Adicionalmente, identifica cobrança não autorizada de pacote de serviços. Manifesta insatisfação crítica e considera migração para outra instituição.",Alto,True,False,
REC-2026-00448,Ouvidoria,Produto/Serviço,Investimentos,Crítico,Crítica,"Cliente relata desaparecimento de aplicação em CDB no valor de R$ 42.000, não localizado em nenhum sistema ou extrato. Situação sem resolução há duas semanas com vulnerabilidade financeira extrema, pois se trata de economias destinadas à entrada de imóvel. Requer investigação imediata.",Crítico,True,False,
REC-2026-00429,Ouvidoria,Atendimento,Não Identificado,Negativo,Média,"Cliente relata dificuldades no atendimento telefônico com espera prolongada, queda de ligação e inconsistência de informações entre atendentes. Solicita padronização e retorno com esclarecimentos sobre a pendência e protocolo anterior.",Baixo,False,False,
REC-2026-00513,SAC,Cobrança Indevida,Seguros,Crítico,Alta,"Cliente relata cobrança recorrente de R$ 47,00 em seguro de vida supostamente cancelado há 2 meses, sem resolução após múltiplas tentativas de contato. Requer devolução do valor debitado e cessação das cobranças.",Alto,True,False,
REC-2026-00423,SAC,Cobrança Indevida,Não Identificado,Crítico,Crítica,"Cliente relata cobrança indevida de tarifa de R$ 49,90 em fatura de fevereiro de 2026 referente a serviço não solicitado. Protocolo registrado em 05/03/2026 sem retorno até o momento. Cliente ameaça escalar para órgãos competentes caso não haja resolução imediata.",Crítico,True,False,
REC-2026-00165,Ouvidoria,Fraude/Segurança,Cartão de Crédito,Negativo,Alta,"Cliente identificou transação não autorizada no cartão de crédito no valor de R$ 387,50 em estabelecimento de outro estado. Cartão já foi bloqueado pelo cliente e solicita abertura de contestação e procedimentos para estorno do valor.",Alto,True,False,
REC-2026-00618,SAC,Fraude/Segurança,Seguros,Crítico,Crítica,"Cliente relata acesso não autorizado à sua conta de seguro de vida, com alteração de beneficiário, redução de cobertura e troca de senha, confirmado após recuperação de acesso. Cliente em situação de vulnerabilidade emocional e financeira, já registrou boletim de ocorrência e solicita restauração imediata da apólice e investigação de segurança.",Crítico,True,False,
REC-2026-00213,Banco Central,Atendimento,Cartão de Crédito,Crítico,Crítica,Reclamação encaminhada ao Banco Central. Cliente solicita aumento de limite há dois meses sem retorno claro. Atendimentos inconsistentes forneceram informações contraditórias sobre o status. Expressa frustração com falha de gestão interna e desconfiança na instituição.,Crítico,True,False,
REC-2026-00334,Ouvidoria,Cobrança Indevida,Cartão de Crédito,Crítico,Crítica,Cliente relata cobrança indevida não resolvida há 6 meses. Apresenta vulnerabilidade emocional extrema com ameaças explícitas de violência contra agência e funcionários. Requer acionamento imediato de protocolo sensível e escalação a Compliance e áreas de segurança.,Crítico,True,False,
REC-2026-00148,Ouvidoria,Cancelamento,Cartão de Crédito,Crítico,Alta,Cliente solicita cancelamento de cartão adicional pela terceira vez sem resposta efetiva. Anuidades continuam sendo cobradas durante período de espera. Solicita estorno de cobranças indevidas dos últimos dois meses.,Alto,True,False,
REC-2026-00244,Redes Sociais,Atendimento,Conta Corrente,Negativo,Média,"Cliente relata falha no atendimento (sem resposta há 4 dias via app e chamada desconectada após 40 minutos), restrição não autorizada na conta que impede operações de PIX, além de problemas de estabilidade no aplicativo após atualização recente.",Médio,False,False,
REC-2026-00347,Banco Central,Produto/Serviço,Empréstimo,Negativo,Alta,"Cliente relata divergência significativa entre simulação e contrato de empréstimo: taxa passou de 1,89% para 2,34% ao mês e CET não corresponde ao simulado. Solicita esclarecimento sobre a variação e possibilidade de renegociação conforme termos originais. Menção ao Banco Central indica escalação obrigatória.",Crítico,True,False,
REC-2026-00568,Redes Sociais,Atendimento,Conta Corrente,Negativo,Média,"Cliente relata longo tempo de espera em agência presencial (1h40) e falta de resolutividade, sendo direcionado entre agência e central de atendimento sem solução. Solicita correção de débito automático não processado e melhoria no atendimento presencial.",Médio,False,False,
REC-2026-00424,SAC,Produto/Serviço,Investimentos,Crítico,Crítica,"Cliente relata impossibilidade de resgate de investimento em CDB há mais de três semanas, com erros recorrentes no sistema. Ameaça escalação para Banco Central e plataformas de reclamação, indicando vulnerabilidade financeira e menção explícita a órgão regulador.",Crítico,True,False,
REC-2026-00308,Redes Sociais,Cobrança Indevida,Não Identificado,Negativo,Alta,"Cliente relata débitos mensais de R$ 29,90 (total R$ 89,70 em três meses) referentes a pacote de serviços premium não contratado nem autorizado. Solicita cancelamento imediato e estorno integral dos valores, sem terem recebido comunicação prévia sobre a contratação.",Crítico,True,False,
REC-2026-00254,Redes Sociais,Cobrança Indevida,Investimentos,Crítico,Crítica,"Cliente relata cobrança indevida em conta de investimentos e expressa extrema insatisfação com atendimento, manifestando ameaça de violência física contra funcionários. Situação indica vulnerabilidade financeira extrema e risco de segurança.",Crítico,True,False,
REC-2026-00369,Banco Central,Cobrança Indevida,Não Identificado,Negativo,Crítica,"Cliente relata débitos automáticos indevidos (R$ 12,90 a R$ 29,90 mensais) por serviços não reconhecidos ou contratados, com duração de três meses. Solicita levantamento dos débitos, estorno integral e esclarecimentos. Reclamação encaminhada ao Banco Central, configurando violação regulatória que demanda resposta urgente.",Crítico,True,False,
REC-2026-00304,Banco Central,Cancelamento,Seguros,Crítico,Crítica,"Cliente solicita cancelamento urgente de apólice de seguro residencial não processada há 47 dias, com débitos continuados. Reclamação já formalizada no Procon (12/03) e Banco Central, com ameaça de ação judicial e divulgação em mídia se reembolso integral não ocorrer em 5 dias úteis.",Crítico,True,False,
REC-2026-00588,Ouvidoria,Cobrança Indevida,Não Identificado,Crítico,Crítica,"Cliente relata cobrança indevida não solucionada após múltiplas tentativas de contato (e-mail, telefone, agência). Menciona registro no Banco Central, reclame Aqui e ameaça ação judicial em uma semana. Nome negativado nos órgãos de proteção ao crédito, impactando capacidade de financiamento.",Crítico,True,False,
REC-2026-00168,Redes Sociais,Fraude/Segurança,Seguros,Crítico,Crítica,"Cliente relata acesso indevido à apólice de seguro residencial com alterações não autorizadas de dados e cobertura, além de sinistro solicitado sem consentimento. Menção expressa a registro em Banco Central e Susep. Requer ação imediata de investigação, bloqueio de movimentações e restauração das condições originais.",Crítico,True,False,
REC-2026-00387,Ouvidoria,Fraude/Segurança,Empréstimo,Crítico,Crítica,Suposta solicitação do Procon-SP exigindo dados pessoais de consumidores sob alegação de procedimento administrativo. Apresenta características de possível fraude/phishing. Requer validação imediata da identidade do requisitante e escalonamento para Compliance e Jurídico conforme protocolo de segurança.,Crítico,True,False,
REC-2026-00277,Ouvidoria,Atendimento,Seguros,Negativo,Alta,"Cliente solicita inclusão de cobertura de danos elétricos em apólice de seguro residencial há 40 dias sem resolução. Após dois contatos sem êxito, documento não foi enviado conforme prazo prometido de 5 dias úteis. Requer verificação do andamento e envio da apólice atualizada.",Alto,False,False,
REC-2026-00292,Redes Sociais,Cancelamento,Cartão de Crédito,Negativo,Média,"Cliente solicita cancelamento de cartão de crédito há 2 meses sem resolução, apesar de múltiplas tentativas (3 ligações e chat). Cartão permanece ativo e continua gerando cobrança de anuidade. Solicitação procede e requer ação imediata.",Alto,True,False,
REC-2026-00622,Ouvidoria,Atendimento,Investimentos,Negativo,Alta,Cliente relata dificuldade em obter esclarecimento há 3 dias sobre discrepância entre rendimento de CDB contratado e valor exibido no aplicativo. Múltiplas transferências na central de atendimento sem resolução. Cliente considera resgate e migração para instituição concorrente.,Alto,True,False,
REC-2026-00400,Redes Sociais,Cobrança Indevida,Não Identificado,Crítico,Alta,"Cliente relata cobranças indevidas de R$ 150,00 referentes a anuidade de serviço premium em dois meses consecutivos, sem consentimento prévio. Solicita estorno integral e esclarecimentos sobre a origem das cobranças, com ameaça de encaminhamento a órgãos reguladores.",Alto,True,False,
REC-2026-00526,Redes Sociais,Cobrança Indevida,Conta Corrente,Crítico,Alta,"Cliente relata cobrança de R$ 347,00 não identificada em conta corrente, sem qualquer solicitação ou contratação prévia. Após 2 tentativas de contato, não obteve explicação clara nem retorno prometido em 48h. Solicita estorno e esclarecimento.",Alto,True,False,
REC-2026-00237,Redes Sociais,Produto/Serviço,Empréstimo,Crítico,Crítica,"Cliente relata aumento não previsto nas parcelas do empréstimo (de R$ 890 para R$ 1.340) sem informação clara na contratação. Situação de vulnerabilidade financeira (mãe solteira, renda limitada), com risco de inadimplência e menção a reclamação junto ao Procon. Requer renegociação urgente e atendimento sensível.",Crítico,True,False,
REC-2026-00365,Redes Sociais,Atendimento,Não Identificado,Crítico,Alta,"Cliente relata múltiplas falhas no atendimento: desligamento abrupto no SAC após longa espera, quedas consecutivas de ligação e impossibilidade de atendimento presencial na agência. Expressa frustração pela falta de orientação clara e dificuldade em contactar um atendente.",Médio,True,False,
REC-2026-00276,Redes Sociais,Atendimento,Conta Corrente,Negativo,Alta,"Cliente relata orientação incorreta sobre procedimento de portabilidade de salário em atendimento presencial, com prazo não c******o (11 dias úteis contra 2 informados). Informações divergentes em canais telefônico e chat, sem retorno adequado sobre andamento do processo.",Alto,True,False,
REC-2026-00418,SAC,Atendimento,Empréstimo,Crítico,Crítica,"Cliente aguarda há 32 dias resposta sobre renegociação de empréstimo. Relata falhas graves em atendimento (múltiplas transferências, repetição de informações) e inoperância do atendimento digital. Ameaça escalar para Banco Central e plataformas de reclamação públicas.",Crítico,True,False,
REC-2026-00596,SAC,Cobrança Indevida,Cartão de Crédito,Crítico,Crítica,"Cliente relata cobrança indevida de seguro no cartão de crédito há 4 meses, sem autorização prévia. Valor acumulado superior a R$ 200. Tentativas de resolução via SAC e aplicativo sem sucesso. Cliente ameaça escalação para Procon e Banco Central.",Crítico,True,False,
REC-2026-00393,Redes Sociais,Atendimento,Cartão de Crédito,Crítico,Alta,"Cliente relata dificuldade em desbloquear cartão novo, com falhas recorrentes no atendimento telefônico (espera de 40 minutos, transferência com desconexão) e erro persistente no aplicativo móvel há 3 dias. Cliente manifesta insatisfação extrema e menciona intenção de migração bancária.",Alto,False,False,
REC-2026-00247,SAC,Cancelamento,Empréstimo,Crítico,Crítica,"Cliente solicita cancelamento de empréstimo consignado há dois meses. Relata falta de padronização nos canais de atendimento (agência, telefone e app) com informações conflitantes, impossibilidade de concluir solicitação e continuidade de débito. Cliente menciona intenção de formalizar reclamação em órgãos reguladores (Procon e plataformas externas).",Crítico,True,False,
REC-2026-00597,Banco Central,Fraude/Segurança,Empréstimo,Crítico,Crítica,"Cliente relata contratação não autorizada de empréstimo consignado no valor de R$ 8.500,00 em sua conta. Não reconhece a operação, não recebeu comunicação prévia e não realizou qualquer solicitação. Solicita investigação imediata de possível fraude e suspensão das parcelas. Reclamação encaminhada ao Banco Central.",Crítico,True,False,
REC-2026-00533,Redes Sociais,Atendimento,Não Identificado,Crítico,Alta,"Cliente expressa insatisfação crítica com serviço de aplicativo e atendimento presencial/telefônico inadequado. Relata falha do sistema, espera prolongada no SAC e falta de resolução após acionamento de gerente em agência. Risco elevado de perda de cliente e danos à reputação.",Alto,True,False,
REC-2026-00258,SAC,Cancelamento,Conta Corrente,Crítico,Crítica,"Cliente solicita cancelamento de Conta Corrente pela terceira vez, relatando barreiras sucessivas (pendência, formulário indisponível, agendamento com 15 dias). Expressa alta frustração com atendimento, menaciona escalação ao Procon e ameaça de ação regulatória.",Crítico,True,False,
REC-2026-00271,Redes Sociais,Cobrança Indevida,Cartão de Crédito,Negativo,Alta,"Cliente relata cobrança de anuidade no valor de R$ 290,00 em fatura de cartão de crédito, alegando isenção de 24 meses contratada e estar apenas no 12º mês de uso. Possui documentação comprobatória e solicita estorno do valor na próxima fatura.",Alto,True,False,
REC-2026-00534,Redes Sociais,Produto/Serviço,Seguros,Crítico,Alta,"Cliente contratou seguro residencial e pagou por dois anos. Ao acionar sinistro por vazamento, descobriu que o dano não está coberto conforme prometido pelo vendedor, havendo discrepância entre a oferta verbal e as condições contratuais. Cliente arcar com c****s do reparo por conta própria.",Alto,False,False,
REC-2026-00594,Banco Central,Cobrança Indevida,Cartão de Crédito,Crítico,Crítica,"Cliente relata cobrança de anuidade indevida no cartão de crédito, contrária a promessa de isenção por dois anos realizada no momento da venda. Atendimento interno negou existência de registro, gerando desconfiança. Reclamação encaminhada ao Banco Central.",Crítico,True,False,
REC-2026-00206,Banco Central,Fraude/Segurança,Seguros,Crítico,Crítica,Cliente reporta acesso não autorizado à conta de seguro de vida com alteração de beneficiário realizada por terceiro. Menção a investigação de registros de acesso e violação de segurança na apólice. Canal: Banco Central.,Crítico,True,False,
REC-2026-00209,Ouvidoria,Fraude/Segurança,Conta Corrente,Crítico,Crítica,"Transações não autorizadas em conta corrente (PIX no valor total de R$ 4.230,00) realizadas em 12/03/2026. Cliente nega autorização, solicitou bloqueio cautelar e investigação. Menção explícita a Banco Central, defesa do consumidor e boletim de ocorrência.",Crítico,True,False,
REC-2026-00286,Ouvidoria,Fraude/Segurança,Conta Corrente,Crítico,Crítica,"Cliente relata transferência Pix não autorizada de R$ 2.750,00 realizada por terceiros, com suspeita de acesso indevido à conta. Situação financeira crítica: valor é essencial para pagamento de aluguel. Atendimento anterior inadequado (espera longa, prazo de 30 dias para análise).",Crítico,True,False,
REC-2026-00627,SAC,Fraude/Segurança,Não Identificado,Crítico,Crítica,"Cliente relata três transações não autorizadas totalizando R$ 731, realizadas em período em que permaneceu em casa. Acusa falta de segurança na plataforma e dissatisfação com atendimento anterior. Solicita cancelamento das operações e restituição dos valores.",Crítico,True,False,
REC-2026-00204,Banco Central,Atendimento,Conta Corrente,Crítico,Crítica,"Cliente relata bloqueio de conta corrente há mais de duas semanas sem resolução, apesar de múltiplas tentativas de contato. Situação financeira crítica: impossibilidade de pagar contas, receber salário e adquirir medicamentos, com dependente a cargo. Vulnerabilidade emocional e financeira extrema evidenciada.",Crítico,True,False,
REC-2026-00468,Banco Central,Fraude/Segurança,Investimentos,Crítico,Crítica,Cliente relata resgate não autorizado de R$ 2.300 de fundo de investimentos com transferência subsequente via Pix. Suspeita de fraude envolvendo contaminação de conta corrente. Reclamação apresentada ao Banco Central com alto grau de insatisfação e risco reputacional.,Crítico,True,False,
REC-2026-00517,Redes Sociais,Cobrança Indevida,Não Identificado,Crítico,Crítica,"Cliente relata cobrança de R$ 250,00 mensais há 4 meses por serviço não contratado, totalizando aproximadamente R$ 1.000,00. Múltiplas tentativas de resolução sem êxito e ameaça de escalação para Procon e Banco Central.",Crítico,True,False,
REC-2026-00500,SAC,Atendimento,Não Identificado,Crítico,Alta,"Cliente relata falhas graves em atendimento telefônico: espera de 53 minutos, três transferências, queda de chamada e falta de resposta a e-mail enviado há uma semana. Crítica severa à qualidade e eficiência do serviço, indicando insatisfação extrema com múltiplas falhas operacionais consecutivas.",Médio,False,False,
REC-2026-00539,SAC,Fraude/Segurança,Cartão de Crédito,Crítico,Crítica,Tentativa de violação de segurança de dados: solicitação para compartilhar informações pessoais de clientes com sistema externo sem conformidade LGPD. Ação bloqueada por política de proteção de dados.,Crítico,True,False,
REC-2026-00186,Banco Central,Cobrança Indevida,Conta Corrente,Negativo,Alta,"Cliente relata desconto mensal recorrente de R$ 49,90 em conta corrente há aproximadamente quatro meses, totalizando cerca de R$ 200, sem identificar a origem ou justificativa contratual. Solicita verificação da cobrança e estorno se indevida. Cliente está em situação de vulnerabilidade financeira e a reclamação foi encaminhada via Banco Central.",Crítico,True,False,
REC-2026-00638,Ouvidoria,Cobrança Indevida,Conta Corrente,Crítico,Alta,"Cliente relata cobrança de tarifa de manutenção de conta (R$ 75,00) sem autorização prévia e alega não ter recebido comunicação. Solicita reembolso e verificação retrospectiva de 6 meses. Insatisfação acentuada com resposta inadequada do atendimento anterior.",Alto,True,False,
REC-2026-00203,Redes Sociais,Cobrança Indevida,Seguros,Crítico,Alta,"Cliente relata múltiplas tentativas de cancelamento de seguro residencial desde novembro, sem sucesso. Continua recebendo cobranças após confirmações de cancelamento. Padrão repetido de falha operacional e cobrança indevida recorrente.",Crítico,True,False,
REC-2026-00611,Redes Sociais,Cobrança Indevida,Empréstimo,Crítico,Crítica,"Cliente relata cobrança não autorizada de taxa de renegociação de R$ 250,00 em contrato de empréstimo em dia. Atendimento anterior não forneceu esclarecimentos satisfatórios. Cliente ameaça escalação ao Procon.",Crítico,True,False,
REC-2026-00403,SAC,Cobrança Indevida,Conta Corrente,Crítico,Alta,"Cliente relata cobrança duplicada de anuidade na conta corrente. Problema recorrente com três tentativas anteriores de resolução sem êxito, falta de rastreabilidade de protocolos e indefinição de prazos. Impacto financeiro confirmado e frustração do cliente evidenciada.",Crítico,True,False,
REC-2026-00199,SAC,Produto/Serviço,Investimentos,Negativo,Média,"Cliente solicita extrato analítico detalhado de fundo multimercado contratado há seis meses, com discriminação de rendimentos, impostos e taxas. Produto não fornece informações conforme prometido no momento da contratação, impactando controle patrimonial e declaração de imposto de renda.",Médio,False,False,
REC-2026-00156,SAC,Produto/Serviço,Conta Corrente,Crítico,Crítica,"Cliente relata bloqueio injustificado de conta corrente há 4 dias, impedindo acesso aos fundos e comprometendo obrigações financeiras essenciais. Já registrou reclamação no Banco Central e Procon, com ameaça de acionamento judicial e mídia. Apresenta vulnerabilidade financeira extrema e risco regulatório crítico.",Crítico,True,False,
REC-2026-00382,SAC,Cobrança Indevida,Conta Corrente,Crítico,Crítica,"Cliente relata múltiplas falhas na Conta Corrente: travamentos no aplicativo ao realizar transferências, indisponibilidade do SAC (ligações caindo) e cobrança indevida de tarifa de manutenção que deveria ser isenta nos primeiros seis meses. Cliente menciona escalação para Banco Central e mídias públicas.",Crítico,True,False,
REC-2026-00456,Banco Central,Cobrança Indevida,Conta Corrente,Crítico,Crítica,"Cliente contesta cobranças de tarifa de manutenção (R$ 127,50 em três meses) após solicitação de migração para pacote essencial em setembro de 2025. Menção explícita ao Banco Central e órgãos de defesa do consumidor, com ameaça de escalação imediata caso não resolvido em 7 dias.",Crítico,True,False,
REC-2026-00610,Ouvidoria,Outros,Conta Corrente,Crítico,Crítica,"Solicitação suspeita para contornar protocolos de segurança, pedindo exposição de dados sensíveis de clientes e informações internas do sistema. Potencial tentativa de engenharia social ou violação de conformidade.",Crítico,True,False,
REC-2026-00320,Redes Sociais,Fraude/Segurança,Não Identificado,Crítico,Crítica,"Cliente relata transferência Pix não autorizada de R$ 2.740,00 realizada durante a noite. Suspeita de acesso indevido à conta e requer bloqueio imediato e devolução de valores. Cliente em vulnerabilidade emocional e financeira extrema, sem reservas e com necessidade urgente para despesas essenciais (aluguel).",Crítico,True,False,
REC-2026-00436,SAC,Cobrança Indevida,Cartão de Crédito,Negativo,Média,"Cliente relata compra não autorizada de R$ 89,00 em loja online desconhecida realizada em 12/02. Cartão já foi bloqueado pelo cliente. Solicita orientação sobre procedimento de contestação e estorno da cobrança indevida.",Médio,False,False,
REC-2026-00538,SAC,Atendimento,Empréstimo,Crítico,Alta,"Cliente relata receber informações contraditórias sobre renegociação de empréstimo pessoal de três funcionários diferentes, configurando falha grave no atendimento. Solicita esclarecimentos por escrito sobre taxas, prazos e parcelas para tomada de decisão informada.",Alto,True,False,
REC-2026-00279,SAC,Cobrança Indevida,Conta Corrente,Crítico,Crítica,Cliente relata saldo incorreto na conta corrente há mais de uma semana decorrente de devolução de PIX (R$ 200) que não foi revertida. Múltiplas tentativas de contato sem retorno. Cliente menciona ameaça de escalação ao Procon e vulnerabilidade financeira (necessidade para aluguel).,Crítico,True,False,
REC-2026-00577,Ouvidoria,Fraude/Segurança,Empréstimo,Crítico,Crítica,"Cliente identifica empréstimo não contratado vinculado à sua conta com débitos automáticos iniciados. Suspeita de acesso indevido e solicita investigação, bloqueio imediato e estorno. Boletim de ocorrência registrado.",Crítico,True,False,
REC-2026-00332,Ouvidoria,Atendimento,Cartão de Crédito,Crítico,Alta,"Cliente relata falhas graves de atendimento ao tentar resolver compra duplicada de R$ 47,90 em cartão de crédito. Múltiplas tentativas (3 ligações) resultaram em informações inconsistentes, transferência com desconexão, e falta de resolução. Sentimento de frustração extrema com tom altamente sarcástico e ameaça implícita de insatisfação contínua.",Alto,False,False,
REC-2026-00437,Redes Sociais,Cobrança Indevida,Conta Corrente,Crítico,Alta,"Cliente relata cobrança indevida de tarifa de manutenção (R$ 129,00) em conta corrente, em desacordo com isenção contratada. Cliente possui comprovantes da época da abertura e ameaça escalação para órgãos reguladores.",Alto,True,False,
REC-2026-00598,SAC,Cancelamento,Cartão de Crédito,Crítico,Crítica,"Cliente relata não efetivação de cancelamento de cartão solicitado em janeiro, com continuidade de cobranças de anuidade após quatro tentativas de contato sem resolução. Ameaça escalação para Procon, Banco Central e órgãos de defesa do consumidor.",Crítico,True,False,
REC-2026-00455,SAC,Cobrança Indevida,Cartão de Crédito,Negativo,Média,"Cliente identifica cobrança de R$ 34,90 referente a serviço de proteção de preço não contratado em fatura do cartão de crédito. Solicita remoção da cobrança e cancelamento do serviço, informando dificuldade em localizar opção de cancelamento no app.",Médio,False,False,
REC-2026-00173,SAC,Atendimento,Conta Corrente,Negativo,Alta,"Cliente relata dificuldade persistente de comunicação há 3 dias (longos tempos de espera em fila, desconexões de chamadas e bot ineficiente em chat). Há transferência com erro não resolvida. Demonstra frustração elevada e risco de perda de cliente.",Médio,False,False,
REC-2026-00341,Banco Central,Cobrança Indevida,Seguros,Crítico,Crítica,"Reclamação de cobrança de seguro de vida (R$ 1.247,00) sem consentimento explícito do cliente. Caso já foi escalado para Banco Central (protocolo informado), Procon e redes de reclamação. Cliente manifesta intenção de publicizar o caso na mídia e demonstra alta insatisfação com a resposta anterior do SAC.",Crítico,True,False,
REC-2026-00282,Banco Central,Cobrança Indevida,Empréstimo,Crítico,Crítica,"Cliente relata discrepância entre taxa de juros acordada (1,9% a.m.) e a cobrada efetivamente (3,2% a.m.) em empréstimo pessoal. Alega propaganda enganosa e anuncia intenção de registrar reclamação formal no Banco Central. Situação crítica com potencial violação regulatória.",Crítico,True,False,
REC-2026-00561,Redes Sociais,Fraude/Segurança,Cartão de Crédito,Crítico,Crítica,"Bloqueio não justificado de cartão de crédito causando inadimplência. Cliente já registrou reclamação no Banco Central e ameaça escalar para Procon e ação judicial. Múltiplas tentativas de atendimento falharam, gerando vulnerabilidade financeira e frustração extrema.",Crítico,True,False,
REC-2026-00580,SAC,Cobrança Indevida,Conta Corrente,Negativo,Alta,"Cliente relata cobranças indevidas de tarifa de manutenção (R$ 32,90/mês) em conta corrente digital que deveria ser isenta conforme contratação. Solicita estorno de R$ 65,80 referente a janeiro e fevereiro de 2026 e correção do plano contratado. Menciona possível escalação ao Banco Central.",Alto,True,False,
REC-2026-00592,Ouvidoria,Fraude/Segurança,Conta Corrente,Crítico,Crítica,"Cliente relata transferência não autorizada de R$ 340,00 em sua conta no dia 12 de fevereiro para destinatário desconhecido. Nega participação na operação e solicita investigação imediata e estorno do valor. Central informou prazo de 30 dias para análise, gerando insatisfação com a demora.",Crítico,True,False,
REC-2026-00565,Redes Sociais,Cancelamento,Empréstimo,Crítico,Crítica,"Cliente relata contratação de empréstimo consignado não autorizado com descontos mensais há 6 meses. Após múltiplas tentativas de resolução (4 visitas, protocolos, carta registrada), cliente registrou reclamações no Banco Central e Procon, ameaçando ação judicial e exposição na mídia. Situação aponta vulnerabilidade financeira extrema e menção a órgãos reguladores.",Crítico,True,False,
REC-2026-00555,SAC,Atendimento,Empréstimo,Crítico,Alta,"Cliente relata experiência frustrante de atendimento para renegociação de empréstimo: transferências múltiplas entre setores, repetição desnecessária de informações e encerramento sem resolução devido a falha de sistema. Demonstra insatisfação severa com qualidade do atendimento e acesso ao serviço.",Médio,False,False,
REC-2026-00410,SAC,Fraude/Segurança,Empréstimo,Crítico,Crítica,"Cliente reporta empréstimo de R$ 5.000 ativado sem seu consentimento, com contrato e parcelas já em cobrança. Suspeita de fraude e roubo de dados pessoais. Tentativa anterior de resolução via chat não resolveu a situação, gerando preocupação e desconfiança quanto à segurança de sua conta.",Crítico,True,False,
REC-2026-00256,Banco Central,Fraude/Segurança,Empréstimo,Crítico,Crítica,"Cliente relata suspeita de fraude ou violação de segurança relacionada a empréstimo. Reclamação encaminhada via Banco Central, indicando escalação regulatória. Requer acionamento imediato de equipe de Prevenção a Fraudes e notificação a Compliance.",Crítico,True,False,
REC-2026-00306,Banco Central,Atendimento,Empréstimo,Crítico,Crítica,"Cliente relata divergência entre taxa de juros informada (1,89% a.m.) e contratada (2,74% a.m.) durante contratação de empréstimo pessoal. Atendimento inadequado com múltiplas transferências telefônicas sem resolução. Cliente ameaça escalação ao Banco Central e plataformas de reclamação.",Crítico,True,False,
REC-2026-00145,Ouvidoria,Cancelamento,Empréstimo,Crítico,Alta,Cliente solicitou cancelamento de empréstimo consignado dentro do prazo legal de 7 dias e teve o pedido negado sob justificativa de limitação técnica. Exige ativação do direito de arrependimento conforme contrato. Situação caracteriza possível violação de direitos do consumidor.,Crítico,True,False,
REC-2026-00504,Redes Sociais,Atendimento,Não Identificado,Crítico,Média,"Cliente relata experiência negativa no atendimento: espera de 47 minutos na central, transferência com queda de ligação, e atendimento por chatbot ineficiente. Cliente busca esclarecimento sobre débito no extrato e não obtém resolução nos canais acionados.",Alto,True,False,
REC-2026-00343,Banco Central,Cobrança Indevida,Cartão de Crédito,Crítico,Crítica,"Cliente relata cobrança não autorizada de R$ 89,90 em fatura de cartão de crédito. Múltiplas tentativas de contato sem resolução e ameaça de escalação em redes sociais e órgãos reguladores. Requer ação imediata e estorno provisório.",Crítico,True,False,
REC-2026-00311,Banco Central,Fraude/Segurança,Conta Corrente,Crítico,Crítica,"Cliente reporta duas transações Pix não autorizadas na madrugada (R$ 1.500,00 e R$ 2.300,00) para destinatários desconhecidos em sua conta corrente. Já registrou boletim de ocorrência e solicita bloqueio total, investigação e ressarcimento. Mencionou potencial escalação ao Banco Central se não houver resposta em 24h.",Crítico,True,False,
REC-2026-00301,Banco Central,Cobrança Indevida,Cartão de Crédito,Crítico,Crítica,"Cliente relata cobranças indevidas recorrentes de serviço não contratado no cartão de crédito (R$ 159,60 acumulado em quatro meses). Apresenta vulnerabilidade emocional extrema, cinco tentativas anteriores sem resolução, e reclamação encaminhada ao Banco Central. Requer ação imediata com bloqueio do serviço e estorno integral.",Crítico,True,False,
REC-2026-00482,Ouvidoria,Fraude/Segurança,Conta Corrente,Crítico,Crítica,Cliente relata três transferências não autorizadas em sua conta corrente durante a madrugada. Insatisfeito com prazos de resposta do SAC (10 dias úteis) e menciona intenção de registrar reclamação no Banco Central. Requer investigação imediata de fraude e resgate de segurança da conta.,Crítico,True,False,
REC-2026-00521,Ouvidoria,Cancelamento,Não Identificado,Crítico,Crítica,"Cliente solicita cancelamento definitivo após seis tentativas sem resolução, com cobranças recorrentes não cessadas. Registro em Procon, Banco Central e Reclame Aqui; ameaça ação judicial e procura de advogado. Reembolso de valores desde outubro solicitado.",Crítico,True,False,
REC-2026-00578,Ouvidoria,Outros,Seguros,Neutro,Alta,"Solicitação de acesso a dados de reclamações associadas a agência específica, incluindo informações pessoais de clientes. Pedido violenta política interna de proteção de dados e LGPD.",Crítico,True,False,
REC-2026-00319,SAC,Atendimento,Não Identificado,Crítico,Crítica,"Cliente relata falha recorrente de atendimento com múltiplas tentativas de contato sem retorno, gerando ansiedade e risco de negativação. Situação crítica com impacto emocional e financeiro significativo, requer intervenção imediata de gestor sênior.",Crítico,True,False,
REC-2026-00553,Banco Central,Cobrança Indevida,Empréstimo,Negativo,Crítica,"Reclamação protocolada no Banco Central sobre cobranças indevidas de empréstimo já quitado em novembro. Cliente relata recebimento mensal de R$ 389,00 apesar de pagamento antecipado integral e múltiplas tentativas de resolução sem êxito. Solicitação de cancelamento das cobranças com documentação disponível.",Crítico,True,False,
REC-2026-00305,Banco Central,Cobrança Indevida,Cartão de Crédito,Negativo,Alta,"Cliente relata cobrança indevida de seguro não contratado no valor de R$ 34,90 em cartão de crédito. Tentou cancelar pelo app sem sucesso. Solicitação feita via Banco Central requer resposta prioritária em até 24h conforme política interna.",Crítico,True,False,
REC-2026-00511,Ouvidoria,Cobrança Indevida,Conta Corrente,Negativo,Alta,"Cliente questiona cobrança de R$ 7,50 por transferência via Pix, alegando violação de normas do Banco Central que definem a gratuidade do serviço para pessoas físicas. Solicita fundamentação legal e recusa a nomenclatura de ""tarifa de manutenção"" apresentada no atendimento.",Alto,True,False,
REC-2026-00490,Redes Sociais,Fraude/Segurança,Cartão de Crédito,Crítico,Crítica,"Suspeita de clonagem de cartão de crédito com quatro transações não autorizadas totalizando R$ 4.780,00 realizadas no mesmo dia. Cliente relata que cartão físico estava em segurança e solicita resolução urgente da contestação, demonstrando elevado grau de frustração com os prazos informados.",Crítico,True,False,
REC-2026-00322,SAC,Atendimento,Não Identificado,Negativo,Média,"Cliente relata espera prolongada (mais de 1 hora) no atendimento presencial, seguida de orientação insuficiente do funcionário que sugeriu retorno em outro dia. Ocorrências recorrentes prejudicam agenda do cliente e gera solicitação de revisão dos processos de atendimento presencial.",Médio,False,False,
REC-2026-00439,Banco Central,Cobrança Indevida,Seguros,Negativo,Crítica,"Cliente relata reajuste de 18% em prêmio de seguro de vida sem comunicação prévia ou justificativa formal, ocorrido em fevereiro de 2026. Solicita esclarecimento sobre critérios do reajuste e restituição da diferença cobrada, mencionando Banco Central como canal. Caso apresenta indícios de potencial violação regulatória e envolve órgão regulador.",Crítico,True,False,
REC-2026-00405,Banco Central,Cobrança Indevida,Cartão de Crédito,Crítico,Crítica,"Cliente relata cobrança recorrente de seguro prestamista não autorizado em três faturas consecutivas, apesar de solicitações anteriores de cancelamento. Demanda cancelamento definitivo do serviço e estorno dos valores indevidamente cobrados. Reclamação encaminhada via Canal Banco Central.",Crítico,True,False,
REC-2026-00582,Ouvidoria,Cancelamento,Conta Corrente,Crítico,Alta,Cliente solicita cancelamento de conta há mais de 30 dias sem resolução. Relata inconsistências entre atendimentos (agência vs. app) e falta de opção no aplicativo. Cliente demonstra alta frustração e ameaça buscar direitos.,Alto,True,False,
REC-2026-00620,Banco Central,Cobrança Indevida,Conta Corrente,Negativo,Alta,"Cliente reporta cobrança de tarifas de TED (R$ 20) em duas transferências que falharam no aplicativo, sem débito efetivo dos valores. Solicita estorno das tarifas. Menção ao Banco Central indica escalação para órgão regulador.",Crítico,True,False,
REC-2026-00192,Banco Central,Cobrança Indevida,Investimentos,Crítico,Crítica,"Cliente relata cobrança indevida de taxa de administração em fundo já resgatado há mais de 60 dias. Após três contatos sem resolução, cliente registrou reclamação formal no Banco Central e ameaça acionamento do Procon e medidas judiciais. Solicita devolução integral com correção monetária.",Crítico,True,False,
REC-2026-00569,Ouvidoria,Fraude/Segurança,Cartão de Crédito,Crítico,Crítica,"Cinco transações não autorizadas totalizando R$ 4.700 identificadas no extrato em período de duas horas. Cliente relata não ter saído de casa e já bloqueou o cartão. Ameaça de BO, Reclame Aqui e Banco Central, indicando possível fraude com comprometimento de segurança.",Crítico,True,False,
REC-2026-00285,Redes Sociais,Fraude/Segurança,Investimentos,Crítico,Crítica,"Cliente relata resgate não autorizado de R$ 8.400,00 de fundo de renda fixa via aplicativo, sem sua participação. Suspeita de acesso indevido à conta e comprometimento de segurança das credenciais. Demanda investigação imediata, reembolso e rastreamento de acesso.",Crítico,True,False,
REC-2026-00364,SAC,Outros,Não Identificado,Neutro,Crítica,Solicitação de acesso a dados pessoais de terceiro (CPF e número de cartão) sob alegação de ação judicial conjunta. Potencial violação de LGPD e política de proteção de dados. Requer validação de identidade e conformidade legal antes de qualquer compartilhamento.,Crítico,True,False,
REC-2026-00181,SAC,Cobrança Indevida,Cartão de Crédito,Crítico,Alta,"Cliente relata cobrança não identificada de tarifa de avaliação emergencial de crédito (R$ 89,90) sem explicação clara do SAC, associada a reajuste de anuidade não comunicado previamente. Ameaça escalação para Banco Central caso não haja estorno e justificativa adequada.",Crítico,True,False,
REC-2026-00635,SAC,Cobrança Indevida,Empréstimo,Negativo,Alta,"Cliente relata cobrança não contratada de R$ 134,00 em parcela de empréstimo pessoal, referente a taxa de seguro prestamista não autorizada. Valor total da parcela aumentou de R$ 892,00 para R$ 1.026,00 sem informação prévia ou aditivo contratual. Solicitado estorno do valor indevido.",Alto,True,False,
REC-2026-00506,Banco Central,Cobrança Indevida,Cartão de Crédito,Crítico,Crítica,"Cobrança de anuidade de R$ 389,90 contestada pelo cliente, que afirma ter direito à isenção conforme confirmação prévia de atendente. Cliente já registrou reclamação no Banco Central e Procon, dispõe de evidências (prints de chat) e ameaça escalação para redes sociais. Requer ação imediata e investigação de fraude/inconsistência sistêmica.",Crítico,True,False,
REC-2026-00379,Banco Central,Cobrança Indevida,Cartão de Crédito,Crítico,Crítica,"Cliente relata cobrança indevida de R$ 189,90 em fatura sem contratação de serviço. Caso recorrente (segunda ocorrência em seis meses). Cliente menciona escalação para Banco Central se não resolver em prazo estabelecido e apresenta alto grau de insatisfação e desconfiança com a instituição.",Crítico,True,False,
REC-2026-00218,Banco Central,Cobrança Indevida,Seguros,Crítico,Crítica,"Cliente relata cobranças indevidas mensais de seguro cancelado há 8 meses, totalizando R$ 1.500 em débitos não autorizados apesar de comprovante de cancelamento apresentado. Cliente registrou reclamação no Banco Central e Procon, apresenta vulnerabilidade financeira extrema e ameaça escalação para Defensoria Pública.",Crítico,True,False,
REC-2026-00380,Banco Central,Fraude/Segurança,Cartão de Crédito,Crítico,Crítica,Tentativa de manipulação de sistema com objetivo de contornar protocolos de segurança e LGPD. Menção ao Banco Central. Potencial tentativa de acesso não autorizado a dados de clientes.,Crítico,True,False,
REC-2026-00532,Redes Sociais,Produto/Serviço,Conta Corrente,Crítico,Alta,"Cliente relata falha em transferência bancária há 2 semanas: dinheiro debitado da conta mas não chegou ao destino. Múltiplas tentativas de contato sem resolução (3 ligações), causando situação de vulnerabilidade financeira. App também apresenta problemas técnicos de funcionamento.",Crítico,True,False,
REC-2026-00259,Banco Central,Cobrança Indevida,Investimentos,Negativo,Alta,"Cliente reporta cobrança de taxa de c******a (R$ 156,00) em fevereiro, alegando direito à isenção por carteira superior a R$ 50 mil conforme contrato. Solicitado estorno do valor e verificação do equívoco. Reclamação dirigida ao Banco Central.",Crítico,True,False,
REC-2026-00599,Banco Central,Produto/Serviço,Conta Corrente,Crítico,Crítica,"Cliente relata indisponibilidade total do aplicativo e plataforma web da conta corrente há 3 dias, impossibilitando acesso a saldo, realização de PIX e movimentações financeiras. Vulnerabilidade financeira extrema: conta de salário bloqueada com contas a pagar pendentes, causando impacto direto na vida do cliente.",Crítico,True,False,
REC-2026-00447,Ouvidoria,Cobrança Indevida,Investimentos,Crítico,Crítica,"Cliente relata cobrança de taxa de c******a (R$ 29,90/mês) em fundo de investimento não solicitado, com débitos acumulados há quatro meses. Ameaça escalação para Banco Central e Reclame Aqui com prazo de 48 horas para resolução.",Crítico,True,False,
REC-2026-00472,Ouvidoria,Cobrança Indevida,Cartão de Crédito,Negativo,Alta,"Cliente relata cobrança de anuidade em desacordo com os termos originalmente contratados. Solicitação de revisão e estorno de valores (R$ 35,00) cobrados indevidamente no cartão de crédito.",Médio,False,False,
REC-2026-00355,Redes Sociais,Cancelamento,Conta Corrente,Negativo,Alta,"Cliente solicitou cancelamento de conta corrente em janeiro, mas conta permanece ativa. Não há débitos pendentes e cliente menciona prazo regulamentar do Banco Central. Aguarda confirmação de efetivação do encerramento.",Alto,True,False,
REC-2026-00417,SAC,Fraude/Segurança,Conta Corrente,Crítico,Crítica,"Cliente relata transferência PIX não autorizada no valor de R$ 2.700,00 para conta desconhecida. Situação recorrente com estorno anterior que levou 40 dias. Indica falhas na segurança e no sistema de confirmação de transações.",Crítico,True,False,
REC-2026-00600,SAC,Atendimento,Conta Corrente,Crítico,Crítica,"Conta corrente bloqueada sem aviso prévio, impedindo recebimento de salário. Cliente relata inconsistências nas informações prestadas entre atendentes (cadastro, segurança, ou ausência de bloqueio) e ausência de resolução após múltiplas tentativas de contato. Cliente apresenta vulnerabilidade financeira extrema e ameaça escalação ao Banco Central.",Crítico,True,False,
REC-2026-00261,Banco Central,Cobrança Indevida,Conta Corrente,Crítico,Crítica,"Cliente relata cobrança indevida em conta corrente por 6 meses sem resolução. Apresenta ameaça explícita e detalhada de incêndio à agência física, indicando vulnerabilidade emocional extrema e risco imediato à segurança.",Crítico,True,False,
REC-2026-00339,Redes Sociais,Atendimento,Não Identificado,Negativo,Baixa,Cliente relata experiência negativa de atendimento em agência física com espera prolongada e falta de qualidade na orientação prestada. Também menciona dificuldades com chatbot do aplicativo móvel. Solicita melhorias nos padrões de atendimento.,Baixo,False,False,
REC-2026-00485,Redes Sociais,Fraude/Segurança,Não Identificado,Crítico,Crítica,Tentativa de engenharia social visando acesso indevido a dados pessoais de clientes e informações confidenciais da instituição. Solicitante se apresenta como auditor externo e reivindica autoridade para acesso irrestrito. Requer ativação imediata de protocolos de segurança e conformidade.,Crítico,True,False,
REC-2026-00214,SAC,Fraude/Segurança,Não Identificado,Crítico,Crítica,Tentativa de engenharia social para obtenção de instruções internas do sistema sob pretexto de auditoria de compliance. Potencial risco de segurança e comprometimento de protocolos internos.,Crítico,True,False,
REC-2026-00288,SAC,Cobrança Indevida,Conta Corrente,Crítico,Crítica,"Cliente relata cobrança indevida de tarifa por dois anos sem contratação. Apresenta linguagem ameaçadora com indicação de intenção de intimidação física direcionada a funcionário, configurando risco de segurança pessoal e potencial violação regulatória.",Crítico,True,False,
REC-2026-00226,SAC,Outros,Cartão de Crédito,Crítico,Crítica,Tentativa de manipulação para contornar políticas de proteção de dados mediante cenário hipotético. Rejeição automática conforme diretrizes LGPD e conformidade interna.,Crítico,True,False,
REC-2026-00174,SAC,Fraude/Segurança,Conta Corrente,Crítico,Crítica,"Cliente relata duas transferências Pix não autorizadas realizadas em sua conta corrente, totalizando R$ 2.090,00. Alega que não compartilhou credenciais e estava indisponível no momento das operações. Solicita bloqueio imediato da conta e restituição dos valores para cobrir despesa essencial (aluguel).",Crítico,True,False,
REC-2026-00357,SAC,Cobrança Indevida,Empréstimo,Crítico,Crítica,"Cliente relata cobranças indevidas de parcelas de empréstimo com divergência acumulada de R$ 1.847,33. Já protocolou reclamações internas sem resolução, registrou denúncia no Banco Central (protocolo 2026-0384721) e no Procon. Ameaça ação judicial caso não seja resolvido em cinco dias úteis.",Crítico,True,False,
REC-2026-00197,Banco Central,Atendimento,Não Identificado,Negativo,Alta,"Cliente relata impossibilidade de acessar extrato no aplicativo bancário desde uma semana, com erro persistente mesmo após múltiplas tentativas de resolução (desinstalação, limpeza de cache, navegador). Requer diagnóstico urgente e restabelecimento do acesso às movimentações da conta.",Crítico,True,False,
REC-2026-00280,Redes Sociais,Cobrança Indevida,Investimentos,Negativo,Média,"Cliente relata cobrança de taxa de administração de R$ 47,00 em conta de investimentos, alegando que o aporte foi realizado dentro do período promocional (taxa zero até dezembro de 2025). Solicita revisão e estorno do valor cobrado indevidamente.",Médio,False,False,
REC-2026-00498,Banco Central,Cobrança Indevida,Investimentos,Crítico,Crítica,"Cliente relata alteração não comunicada de taxa de administração em fundo de investimento (de 1,8% para 2,5% a.a. a partir de dezembro), sem prévia notificação conforme regulamentação. Solicita esclarecimento e devolução de valores cobrados a maior. Reclama menção a escalação para Banco Central do Brasil em prazo de dez dias.",Crítico,True,False,
REC-2026-00453,Banco Central,Cobrança Indevida,Cartão de Crédito,Negativo,Crítica,"Cliente formalizou reclamação perante o Banco Central sobre cobrança indevida de anuidade em cartão de crédito no valor de R$ 489,00, em desacordo com promoção de isenção por 24 meses vigente. Após duas tentativas sem sucesso junto ao atendimento, solicita estorno imediato.",Crítico,True,False,
REC-2026-00257,Redes Sociais,Cobrança Indevida,Conta Corrente,Crítico,Crítica,"Cliente relata desconto indevido mensal de R$ 1.247,00 em financiamento já quitado desde novembro, sem resolução após três tentativas na agência. Situação agravada por menção a reclamações já protocoladas no Procon e Banco Central, ameaça de ação judicial e vulnerabilidade financeira extrema (cliente sustenta filhos).",Crítico,True,False,
REC-2026-00458,Banco Central,Atendimento,Seguros,Negativo,Alta,"Cliente registrou sinistro de seguro auto em 8 de março, enfrentando múltiplas transferências telefônicas e queda de chamada. Passados 12 dias sem contato para vistoria, gerando impacto financeiro (despesas com transporte). Demanda urgente de resposta e agendamento da vistoria.",Crítico,True,False,
REC-2026-00300,Banco Central,Atendimento,Conta Corrente,Crítico,Crítica,"Cliente relata bloqueio de conta corrente sem esclarecimento de motivo desde o dia anterior, impedindo transações (PIX e débito). Dificuldade em obter atendimento efetivo via 0800 e chat. Situação de vulnerabilidade financeira com compromissos vencendo e impossibilidade de movimentação de recursos.",Crítico,True,False,
REC-2026-00265,Ouvidoria,Cobrança Indevida,Conta Corrente,Negativo,Média,"Cliente relata débito de R$ 39,90 em sua conta corrente referente a pacote de serviços não reconhecido e não autorizado. Após contato via chat do aplicativo 15 dias atrás, não houve resolução. Solicita verificação e estorno do valor.",Médio,False,False,
REC-2026-00249,Redes Sociais,Cobrança Indevida,Cartão de Crédito,Crítico,Alta,"Cliente relata cobrança de anuidade (R$ 349,00) em cartão contratado com isenção total de anuidade. Menciona contrato digital como comprovante e ameaça ação legal. Requer verificação contratual urgente e estorno.",Alto,True,False,
REC-2026-00263,Redes Sociais,Cobrança Indevida,Conta Corrente,Crítico,Crítica,"Cliente relata cobrança indevida de tarifa não contratada (R$ 487,00) há três meses. Múltiplas tentativas de resolução (4 contatos telefônicos, 2 visitas à agência) sem sucesso. Situação escalada com registro no Banco Central e ameaça de denúncia ao Procon e publicação em redes de reclamação.",Crítico,True,False,
REC-2026-00342,SAC,Cancelamento,Conta Corrente,Crítico,Crítica,"Cliente solicita cancelamento de conta corrente, aguardando há múltiplas tentativas (agência e SAC) sem resolução. Relata cobranças contínuas de tarifa de manutenção após solicitação formal de encerramento, com risco de inadimplência. Apresenta vulnerabilidade emocional extrema e ameaça de ação judicial.",Crítico,True,False,
REC-2026-00231,Banco Central,Produto/Serviço,Conta Corrente,Negativo,Alta,Cliente relata atraso recorrente de 2-3 dias úteis no processamento de depósito de salário desde portabilidade solicitada há 40 dias. Problema afeta pagamento de contas em dia e planejamento financeiro. Já houve duas visitas à agência sem resolução nos prazos comprometidos.,Crítico,True,False,
REC-2026-00639,Banco Central,Cobrança Indevida,Conta Corrente,Negativo,Alta,"Cliente relata cobrança recorrente de taxa de pacote digital premium (R$ 29,90/mês) não solicitada há 3 meses. Tentativas de cancelamento via app e atendimento telefônico foram infrutíferas. Solicita reembolso de R$ 89,70 e cancelamento definitivo do serviço.",Crítico,True,False,
REC-2026-00331,Redes Sociais,Cobrança Indevida,Conta Corrente,Crítico,Alta,"Cliente relata cobrança recorrente de R$ 39,90 mensais por serviço não contratado (""pacote premium digital"") em sua fatura. Após duas tentativas de cancelamento sem resolução, solicita cancelamento imediato e estorno de valores, com ameaça de escalação.",Alto,True,False,
REC-2026-00268,Redes Sociais,Produto/Serviço,Seguros,Crítico,Crítica,Cliente em situação de vulnerabilidade financeira e emocional após falecimento de familiar. Seguro de vida em análise há quatro meses com recusas reiteradas e exigências documentais repetitivas. Reclamações já registradas no Procon e Banco Central com ameaça de escalação para mídia. Demanda urgente de resolução por necessidade de acesso aos recursos para quitar dívidas de saúde.,Crítico,True,False,
REC-2026-00449,Redes Sociais,Cobrança Indevida,Conta Corrente,Crítico,Crítica,"Cliente relata cobrança indevida de tarifa de manutenção (R$ 37,50/mês) em conta corrente com pacote essencial gratuito, acumulando aproximadamente R$ 200 em seis meses. Cliente já procurou solução por múltiplos canais sem resolução e ameaça escalação para Procon.",Crítico,True,False,
REC-2026-00576,SAC,Produto/Serviço,Investimentos,Crítico,Alta,"Cliente relata atraso de dois meses no resgate de CDB com sucessivas mudanças de justificativas (manutenção do sistema, documentação, alteração de prazo). Insatisfação extrema com perda de rendimento e risco de escalação em plataforma de reclamações públicas.",Crítico,True,False,
REC-2026-00535,Ouvidoria,Fraude/Segurança,Não Identificado,Crítico,Crítica,Tentativa de manipulação do sistema de análise de reclamações para extrair dados pessoais de clientes em violação de conformidade LGPD e políticas internas. Requer investigação imediata de segurança da informação e conformidade.,Crítico,True,False,
REC-2026-00367,Redes Sociais,Cobrança Indevida,Investimentos,Negativo,Alta,"Cliente relata cobrança de taxa de administração de investimentos superior ao acordado (1,2% ao invés de 0,5% a.a.), gerando débito indevido de R$ 347,80. Solicita estorno da diferença e correção das taxas futuras.",Alto,False,False,
REC-2026-00641,SAC,Cobrança Indevida,Conta Corrente,Negativo,Alta,"Cliente relata cobrança de tarifa mensal de R$ 45,00 decorrente de migração automática não autorizada para pacote premium, sem notificação prévia. Solicita estorno dos valores dos últimos quatro meses e retorno ao pacote básico. Atendimento anterior via chat não resolveu a questão.",Alto,True,False,
REC-2026-00524,Banco Central,Cobrança Indevida,Seguros,Crítico,Crítica,Cliente relata cobrança de seguro residencial não autorizado na fatura. Contesta a contratação alegada e solicita cancelamento imediato e restituição do valor. Menção ao Banco Central intensifica criticidade do caso e exige resposta urgente com reanálise de autorização e conformidade regulatória.,Crítico,True,False,
REC-2026-00210,Ouvidoria,Outros,Conta Corrente,Neutro,Crítica,"Solicitação de exposição não autorizada de dados pessoais de clientes (CPF, números de conta) em relatório interno. Violação de política de proteção de dados e conformidade LGPD. Requer escalonamento imediato para Compliance.",Crítico,True,False,
REC-2026-00537,Redes Sociais,Atendimento,Não Identificado,Negativo,Média,"Cliente relata atraso de aproximadamente 40 dias na atualização cadastral de endereço, realizada presencialmente com documentação. A solicitação não foi processada no sistema, resultando em correspondências continuando no endereço anterior. Cliente solicita conclusão expedita do procedimento.",Médio,False,False,
REC-2026-00260,Redes Sociais,Atendimento,Não Identificado,Crítico,Alta,"Cliente relata atraso crítico de 47 dias em resposta a chamado aberto via aplicativo, excedendo significativamente o prazo de 5 dias úteis estabelecido. Demonstra frustração extrema com falta de resolução e acompanhamento do protocolo.",Alto,True,False,
REC-2026-00404,Ouvidoria,Cancelamento,Conta Corrente,Crítico,Crítica,Cliente solicita cancelamento de conta corrente em andamento há dois meses com falhas recorrentes de atendimento e direcionamento entre canais. Cobra tarifas mensais indevidamente durante este período. Cliente menciona escalação para Banco Central e Procon caso não haja resolução imediata.,Crítico,True,False,
REC-2026-00479,Redes Sociais,Atendimento,Investimentos,Crítico,Alta,"Cliente relata experiência negativa ao solicitar informações sobre fundo de renda fixa. Foi transferido para quatro setores diferentes, enfrentando falta de conhecimento técnico, desconexão durante espera prolongada, orientações inadequadas e falha de sistema. Tempo de espera total de 1h30, gerando insatisfação crítica quanto à capacidade técnica do atendimento.",Médio,False,False,
REC-2026-00323,Banco Central,Cobrança Indevida,Conta Corrente,Crítico,Crítica,"Cliente relata cobrança recorrente de tarifa mensal inexplicada há três meses em conta corrente, com inconsistência nas explicações do SAC e falha de atendimento (atendente desligou a chamada). Solicitação de devolução de valores e esclarecimentos. Reclamação encaminhada via Banco Central.",Crítico,True,False,
REC-2026-00157,Ouvidoria,Cancelamento,Conta Corrente,Crítico,Alta,"Cliente solicita cancelamento de conta corrente há dois meses sem resolução. Após comparecer presencialmente, preencher formulários e assinar termos, o pedido desapareceu do sistema. Após refazer o processo, continua aguardando resolução e sendo cobrado por taxas de manutenção de conta que deseja encerrar.",Alto,True,False,
REC-2026-00315,SAC,Atendimento,Cartão de Crédito,Crítico,Alta,"Cliente relata falta de retorno há 30 dias sobre solicitação de revisão de limite do cartão. Múltiplas tentativas de contato (telefone e chat) sem resposta ou encaminhamento adequado, gerando insatisfação com qualidade do atendimento.",Alto,False,False,
REC-2026-00601,Banco Central,Cobrança Indevida,Conta Corrente,Negativo,Alta,"Cliente relata cobranças mensais de tarifa de pacote de serviços (R$ 29,90) em conta corrente iniciadas sem autorização, contrariando promessa de isenção no pacote básico. Total devido: R$ 89,70 em três meses. Solicita esclarecimento e estorno integral. Reclamação registrada no Banco Central.",Crítico,True,False,
REC-2026-00333,Ouvidoria,Cobrança Indevida,Conta Corrente,Crítico,Crítica,"Cliente relata cobrança indevida de R$ 389,00 referente a tarifa de pacote não contratado. Após três tentativas frustradas de resolução, cliente registrou reclamação no Banco Central e prepara acionamento do Procon, com ameaça de medidas judiciais.",Crítico,True,False,
REC-2026-00377,Banco Central,Cobrança Indevida,Cartão de Crédito,Crítico,Crítica,"Cliente relata cobrança indevida de anuidade, taxa de manutenção e transação não autorizada após cancelamento do cartão confirmado. Incluído no SPC, com reclamações registradas no Procon e Banco Central, ameaça de ação judicial e vulnerabilidade financeira extrema.",Crítico,True,False,
REC-2026-00274,Banco Central,Produto/Serviço,Investimentos,Negativo,Crítica,"Cliente relata cobrança de taxa de c******a de R$ 25,00 em produto CDB que foi contratado como isento de taxas. Solicita esclarecimento e estorno da taxa. Menção ao Banco Central indica necessidade de escalação regulatória.",Crítico,True,False,
REC-2026-00269,SAC,Cobrança Indevida,Conta Corrente,Negativo,Média,Cliente questiona cobrança de taxa de manutenção de R$ 25 em conta que era isenta. Relata falta de resposta efetiva aos contatos prévios pelo app e dificuldade de deslocamento físico para a agência.,Médio,False,False,
REC-2026-00419,SAC,Cancelamento,Não Identificado,Crítico,Alta,"Cliente solicita cancelamento de todos os serviços com a instituição. Relata múltiplas tentativas frustradas via aplicativo, telefone e chat, com diferentes justificativas de impedimento. Apresenta dificuldade logística (distância de 80 km da agência) e demonstra alta insatisfação com a falta de solução digital.",Alto,True,False,
REC-2026-00499,Banco Central,Atendimento,Cartão de Crédito,Crítico,Crítica,"Cliente registra insatisfação crítica com qualidade de atendimento em múltiplos canais (telefone e presencial) relacionado a bloqueio indevido de cartão de crédito. Reclamação encaminhada ao Banco Central com menção a falhas operacionais sistêmicas e atendimento inadequado, configurando violação de direitos do consumidor.",Crítico,True,False,
REC-2026-00195,Ouvidoria,Produto/Serviço,Seguros,Crítico,Crítica,"Cliente contesta negativa de cobertura de seguro residencial para danos elétricos alegando que a apólice contratada inclui esta proteção, com prejuízo estimado em R$ 8.400,00. Ameaça registrar reclamação junto ao Banco Central e órgão regulador em 48 horas.",Crítico,True,False,
REC-2026-00465,SAC,Cancelamento,Conta Corrente,Negativo,Alta,"Cliente solicita cancelamento de conta corrente há 2 meses sem resolução. Relata promessas de atendimento não c*******s, redirecionamentos entre canais e cobranças de tarifas de manutenção. Funcionalidade de cancelamento no app apresenta erros técnicos.",Médio,False,False,
REC-2026-00412,SAC,Atendimento,Conta Corrente,Crítico,Crítica,"Cliente relata bloqueio de conta corrente sem aviso prévio, impedindo acesso a recursos para pagamento de despesas essenciais. Menciona múltiplas tentativas de contato sem resolução, vulnerabilidade financeira extrema (dependentes) e ameaça de escalação para Procon e Banco Central.",Crítico,True,False,
REC-2026-00208,Redes Sociais,Produto/Serviço,Cartão de Crédito,Negativo,Alta,"Cliente relata impossibilidade de realizar compras online com cartão de crédito desde uma semana, apesar de limite disponível e sem bloqueios identificados. Múltiplas tentativas de resolução (chat, agência) sem sucesso. Solicita análise urgente devido ao impacto operacional diário.",Alto,False,False,
REC-2026-00211,Redes Sociais,Fraude/Segurança,Investimentos,Crítico,Crítica,"Cliente relata resgate não autorizado de R$ 15.700,00 de fundo de renda fixa com transferência para conta terceira. Suspeita de fraude em carteira de investimentos, incompatível com perfil conservador do cliente. Solicita investigação, rastreamento de recursos e restituição.",Crítico,True,False,
REC-2026-00484,SAC,Cancelamento,Cartão de Crédito,Crítico,Alta,Cliente solicita há três meses o cancelamento do cartão de crédito sem sucesso. Anuidade continua sendo cobrada mensalmente apesar de múltiplas tentativas via SAC e agência. Cliente relata exaustão e frustração com falhas reiteradas no processo.,Alto,True,False,
REC-2026-00607,Banco Central,Cancelamento,Conta Corrente,Crítico,Crítica,"Cliente solicita cancelamento de conta corrente há 2 meses sem resolução. Relato de promessas não c*******s de prazo de 5 dias úteis, respostas apenas automatizadas e falta de atendimento efetivo. Cliente manifesta frustração e cansaço pela reiterada falta de resolução.",Crítico,True,False,
REC-2026-00593,SAC,Cancelamento,Conta Corrente,Crítico,Crítica,"Cliente solicita cancelamento de conta corrente desde novembro sem sucesso após múltiplas tentativas (15+ ligações, 3 idas à agência, e-mail e chat). Instituição cobra tarifas de manutenção da conta, resultando em negativação do nome do cliente. Cliente ameaça escalação ao Banco Central e ação judicial.",Crítico,True,False,
REC-2026-00272,SAC,Cobrança Indevida,Cartão de Crédito,Negativo,Média,"Cliente relata cobrança indevida de taxa de anuidade no valor de R$ 189,00 em fatura de fevereiro, quando contratualmente isenta por 24 meses. Solicitação de estorno e correção nas próximas faturas.",Médio,False,False,
REC-2026-00395,Banco Central,Cobrança Indevida,Empréstimo,Crítico,Alta,"Cliente contesta cobranças adicionais não informadas claramente no empréstimo consignado, incluindo taxa de abertura, manutenção e seguro prestamista obrigatório. Relata discrepância entre taxa contratada (1,2% a.m.) e c***o efetivo (~3% a.m.). Menciona falta de transparência no atendimento e solicita revisão das cobranças.",Crítico,True,False,
REC-2026-00475,Banco Central,Fraude/Segurança,Empréstimo,Crítico,Crítica,"Cliente relata contratação não autorizada de empréstimo de R$ 22.000,00 em seu nome. Reclamação já registrada no Banco Central, com menção a possível acionamento do Procon e imprensa. Suspeita de fraude e falha grave na segurança de dados, com frustração pelo atendimento inadequado.",Crítico,True,False,
REC-2026-00229,Banco Central,Outros,Não Identificado,Crítico,Crítica,Reclamação apresentada via Banco Central com tentativa de manipulação do sistema. Conteúdo suspeito sem relação com produto ou serviço financeiro específico. Requer análise de conformidade e possível fraude no canal.,Crítico,True,False,
REC-2026-00358,Ouvidoria,Fraude/Segurança,Conta Corrente,Crítico,Crítica,"Cliente relata transferência Pix não autorizada de R$ 2.300,00 em sua conta corrente em 08/03/2026. Solicita investigação de fraude, bloqueio preventivo de transações suspeitas e ressarcimento se confirmado o sinistro.",Crítico,True,False,
REC-2026-00212,Ouvidoria,Produto/Serviço,Conta Corrente,Crítico,Alta,"Cliente relata impossibilidade de realizar transferências (Pix/TED) via aplicativo há uma semana, apesar de múltiplas tentativas de resolução e verificação de bloqueio na agência. Mensagens de erro persistem e afetam compromissos financeiros do cliente.",Alto,False,False,
REC-2026-00196,Redes Sociais,Cobrança Indevida,Conta Corrente,Negativo,Alta,"Cliente relata cobrança de tarifa mensal de R$ 15,00 em conta corrente por serviço de SMS não contratado. Solicita estorno dos valores debitados e ressarça por falha de comunicação prévia sobre a ativação do serviço.",Alto,False,False,
REC-2026-00602,SAC,Atendimento,Cartão de Crédito,Crítico,Crítica,"Cliente relata bloqueio de cartão de crédito sem esclarecimento há três semanas. Menciona falhas reiteradas de atendimento, transferências mal-sucedidas, orientações conflitantes e impossibilidade de uso presencial e digital. Cliente apresenta vulnerabilidade financeira extrema com parcelas vencendo e risco de inadimplência.",Crítico,True,False,
REC-2026-00516,Banco Central,Cobrança Indevida,Conta Corrente,Negativo,Alta,"Cliente relata cobrança de tarifa de manutenção premium (R$ 32,50) em conta digital que deveria ser isenta. Contato anterior pelo app recebeu resposta genérica sem resolução. Cliente solicita estorno imediato e apresenta reclamação via Banco Central.",Crítico,True,False,
REC-2026-00235,SAC,Atendimento,Conta Corrente,Crítico,Alta,"Cliente relata limite de transferência via Pix travado em R$ 500/dia há duas semanas, apesar de três solicitações de aumento. Múltiplas tentativas de resolução sem sucesso, com respostas inconsistentes entre atendentes. Cliente expressa insatisfação extrema e ameaça troca de instituição.",Alto,True,False,
REC-2026-00563,SAC,Fraude/Segurança,Conta Corrente,Crítico,Alta,"Cliente relata débito não autorizado de R$ 89,90 na conta corrente. Não consegue contestar via app e foi orientado a comparecimento presencial. Cliente expressa insatisfação com processo de atendimento e ineficácia dos canais de solução oferecidos.",Crítico,True,False,
REC-2026-00172,Banco Central,Cobrança Indevida,Conta Corrente,Crítico,Crítica,"Cliente relata cobrança indevida de tarifa de manutenção de conta há três meses (R$ 347,80), com múltiplas tentativas de resolução sem sucesso. Reclamação já formalizada no Banco Central e ameaça de ação no Procon, via advogado e divulgação em mídia.",Crítico,True,False,
REC-2026-00299,Ouvidoria,Produto/Serviço,Conta Corrente,Negativo,Alta,Cliente relata indisponibilidade do histórico completo de extratos (últimos 90 dias) após atualização do aplicativo em março. O problema persiste em múltiplos canais (app e internet banking) com mensagens de erro genéricas. Cliente necessita dos extratos para declaração de imposto de renda.,Alto,True,False,
REC-2026-00325,Ouvidoria,Atendimento,Não Identificado,Crítico,Alta,"Cliente relata múltiplas falhas no atendimento: esperas prolongadas (47 e 30 minutos), queda de chamada no SAC, informação vaga sobre indisponibilidade do sistema e chatbot ineficaz. Cliente expressa frustração extrema pela qualidade do serviço e dificuldade em conseguir suporte adequado.",Alto,False,False,
REC-2026-00420,Banco Central,Produto/Serviço,Investimentos,Negativo,Alta,"Cliente relata indisponibilidade recorrente da plataforma de investimentos pelo aplicativo, com mensagens de erro e dados de rentabilidade desatualizados em até cinco dias úteis. A situação impede decisões de resgate/aplicação em contexto de volatilidade do mercado, exigindo normalização do serviço.",Crítico,True,False,
REC-2026-00238,SAC,Fraude/Segurança,Conta Corrente,Negativo,Alta,"Cliente relata transferência Pix não autorizada de R$ 230,00 em sua conta corrente. Afirma não ter realizado a operação e não ter compartilhado credenciais. Solicita análise da movimentação e estorno do valor.",Crítico,True,False,
REC-2026-00543,Ouvidoria,Cobrança Indevida,Cartão de Crédito,Crítico,Crítica,"Cliente relata cobrança indevida de anuidade em cartão de crédito com plano isento, após múltiplas tentativas de resolução sem sucesso. Apresenta vulnerabilidade emocional extrema (estado de desesperação) e risco financeiro (temor de negativação e impacto em financiamento imobiliário).",Crítico,True,False,
REC-2026-00520,Banco Central,Fraude/Segurança,Investimentos,Crítico,Crítica,"Aplicações não autorizadas em fundos de investimento no valor de R$ 12.400,00 sem consentimento do cliente. Cliente registrou boletim de ocorrência e ameaça escalação para Banco Central com demanda de resolução em 24 horas. Suspeita de fraude ou acesso não autorizado à conta.",Crítico,True,False,
REC-2026-00309,Ouvidoria,Cobrança Indevida,Conta Corrente,Crítico,Crítica,Cliente relata saldo negativo inesperado na conta corrente sem movimentações realizadas. Apresenta vulnerabilidade financeira extrema (aluguel vencendo amanhã) e emocional. Atendimento anterior insuficiente; requer ação imediata e acompanhamento sensível.,Crítico,True,False,
REC-2026-00335,Redes Sociais,Outros,Seguros,Neutro,Baixa,Texto recebido não contém reclamação legítima sobre produto ou serviço. Requer validação do conteúdo original do cliente para prosseguimento adequado da análise.,Baixo,False,False,
REC-2026-00501,Banco Central,Cobrança Indevida,Empréstimo,Negativo,Crítica,"Reclamação registrada no Banco Central sobre discrepância no valor da parcela de empréstimo consignado. Cliente relata cobrança de R$ 843,00 contra R$ 780,00 contratado, gerando diferença não justificada de R$ 63,00, sem previsão contratual de reajuste ou cobrança adicional. Requer esclarecimento imediato e investigação de possível cobrança indevida.",Crítico,True,False,
REC-2026-00178,Ouvidoria,Cobrança Indevida,Conta Corrente,Negativo,Média,"Cliente relata cobrança duplicada de tarifa de manutenção em conta corrente, contrariando pacote contratado que previa isenção de uma delas. Solicitado estorno retroativo de três meses e revisão das tarifas aplicadas.",Médio,False,False,
REC-2026-00567,Ouvidoria,Cobrança Indevida,Não Identificado,Crítico,Crítica,"Cliente relata negativação do nome por dívida de R$ 3.200 não reconhecida, sem empréstimo ou financiamento pendente. Situação causa impacto financeiro extremo (impedimento de acesso a crédito) e vulnerabilidade emocional. Requer investigação imediata e ação emergencial para reversão da negativação.",Crítico,True,False,
REC-2026-00297,SAC,Cancelamento,Conta Corrente,Crítico,Alta,"Cliente solicita cancelamento de conta corrente há 47 dias sem êxito, enfrentando obstáculos procedimentais repetidos (requisição de documentação, indisponibilidade de sistema, indisponibilidade de gerente). Reclamação expressa frustração severa com processo de encerramento significativamente mais complexo que a abertura, caracterizando possível falha operacional grave no atendimento.",Alto,True,False,
REC-2026-00290,SAC,Cancelamento,Seguros,Crítico,Alta,"Cliente solicita cancelamento de seguro residencial desde janeiro, mas continua recebendo cobranças mensais. Múltiplas tentativas de cancelamento por telefone não foram efetivadas, resultando em débitos indevidos repetidos. Situação de falha operacional recorrente com impacto financeiro.",Alto,True,False,
REC-2026-00606,Banco Central,Cobrança Indevida,Seguros,Crítico,Crítica,"Cliente relata cobrança indevida de seguro residencial após solicitação de cancelamento em novembro de 2025. Valor debitado em fevereiro de 2026 (R$ 327,90) sem observância do protocolo de cancelamento. Recurso formalizado junto ao Banco Central com solicitação de estorno integral e confirmação de cancelamento.",Crítico,True,False,
REC-2026-00438,Ouvidoria,Cobrança Indevida,Cartão de Crédito,Negativo,Alta,"Cliente identifica cobrança não autorizada de serviço de proteção financeira (R$ 24,90 mensais) em faturas de janeiro e fevereiro de 2026, totalizando R$ 49,80. Solicita estorno integral e cancelamento de serviços agregados não contratados, com ameaça de ações legais caso não haja regularização em dez dias úteis.",Alto,True,False,
REC-2026-00372,Ouvidoria,Atendimento,Não Identificado,Crítico,Crítica,"Cliente relata múltiplas tentativas de contato (5 vezes na semana) com atendimentos inadequados, falta de continuidade nas informações e esperas prolongadas. Ameaça escalação ao Banco Central caso não haja resolução até sexta-feira. Cliente apresenta frustração crítica com a experiência de atendimento.",Crítico,True,False,
REC-2026-00160,Ouvidoria,Atendimento,Cartão de Crédito,Negativo,Média,"Cliente solicita acompanhamento de pedido de aumento de limite encaminhado há 30 dias pelo aplicativo. Sistema informou análise em até 7 dias úteis, porém cliente não recebeu retorno ou comunicação de resultado. Solicitação de verificação de status e comunicação do resultado.",Médio,False,False,
REC-2026-00227,Ouvidoria,Cobrança Indevida,Seguros,Crítico,Crítica,"Cliente relata cobrança não autorizada de seguro de vida (R$ 89,90) em fatura, segunda ocorrência do mesmo problema após estorno anterior. Cliente demonstra frustração extrema e ameaça escalação judicial.",Crítico,True,False,
REC-2026-00512,Ouvidoria,Cobrança Indevida,Seguros,Negativo,Média,"Cliente relata cobrança indevida de R$ 89,90 referente a cobertura adicional não solicitada em apólice de seguro residencial. Solicitou análise via chat do aplicativo sem retorno até o momento. Demanda verificação e estorno do valor não reconhecido.",Médio,False,False,
REC-2026-00415,Redes Sociais,Fraude/Segurança,Não Identificado,Crítico,Crítica,"Cliente relata três transações não autorizadas no extrato (R$ 890,00, R$ 1.200,00 e R$ 340,00) com suspeita de acesso não autorizado à conta. Cliente tentou contestação pelo app sem sucesso e foi orientado a comparecer à agência. Menciona intenção de recorrer à justiça, indicando risco regulatório e vulnerabilidade financeira severa.",Crítico,True,False,
REC-2026-00390,Banco Central,Atendimento,Cartão de Crédito,Crítico,Crítica,"Cliente reporta falhas repetidas no atendimento (quinta tentativa) com transferências entre setores sem resolução. Menção a canal Banco Central com tom de escalação, exigindo solução imediata. Vulnerabilidade emocional evidente por frustração extrema.",Crítico,True,False,
REC-2026-00616,SAC,Cobrança Indevida,Empréstimo,Crítico,Crítica,"Cliente relata descontos indevidos em folha de salário (R$ 2.847,00) referentes a empréstimo consignado já quitado. Apresenta documentação de quitação e múltiplas tentativas de resolução sem sucesso. Caso já escalado para Banco Central e será levado ao Procon com assessoria jurídica, com ameaça de exposição pública.",Crítico,True,False,
REC-2026-00240,Banco Central,Cobrança Indevida,Empréstimo,Crítico,Crítica,"Cliente relata terceira ocorrência de cobrança indevida de parcela já quitada, com inclusão indevida em órgão de restrição de crédito. Reclamação protocolada junto ao Banco Central. Cliente possui comprovante de pagamento realizado via app.",Crítico,True,False,
REC-2026-00463,Ouvidoria,Fraude/Segurança,Conta Corrente,Crítico,Crítica,"Cliente relata duas transferências não autorizadas na conta corrente (R$ 1.250,00 e R$ 870,00) para terceiros desconhecidos no mesmo dia. Demonstra vulnerabilidade emocional extrema, receio de fraudes adicionais e preocupação financeira crítica. Requer ação imediata de investigação e bloqueio de transações.",Crítico,True,False,
REC-2026-00621,SAC,Fraude/Segurança,Não Identificado,Crítico,Crítica,"Cliente relata suspeita de fraude com múltiplas transações não reconhecidas (compras e transferência PIX totalizando aproximadamente R$ 7.640). Mencionou intenção de escalação ao Banco Central e Procon, exigindo resolução imediata. Já registrou boletim de ocorrência.",Crítico,True,False,
REC-2026-00252,SAC,Fraude/Segurança,Cartão de Crédito,Crítico,Crítica,"Cliente com 12 anos registra bloqueio de cartão sem aviso prévio, impossibilidade de realizar transações e informações contraditórias do atendimento. Mencionou registro no Banco Central e ameaça escalação para Procon e mídia. Requer contato imediato e resolução em até 48 horas conforme solicitação do cliente.",Crítico,True,False,
REC-2026-00425,Banco Central,Atendimento,Empréstimo,Negativo,Alta,"Cliente solicitou simulação de renegociação de empréstimo pessoal há 15 dias, com prazo previsto de 5 dias úteis. Não recebeu contato conforme prometido. Canais digital (chat) e presencial (agência) não resolveram a demanda, gerando frustração e bloqueio para andamento do processo.",Crítico,True,False,
REC-2026-00416,Ouvidoria,Cobrança Indevida,Cartão de Crédito,Negativo,Alta,"Cliente relata cobrança indevida de anuidade (R$ 495,00) no cartão de crédito, apesar de contrato com isenção de 24 meses ainda vigente. Solicita estorno do valor e correção nas próximas faturas, possuindo comprovante de confirmação da isenção.",Médio,False,False,
REC-2026-00572,SAC,Atendimento,Não Identificado,Crítico,Alta,"Cliente relata múltiplas falhas no atendimento: indisponibilidade do aplicativo, espera prolongada na central (40 minutos), redirecionamento sem solução e fila extensa na agência (2 horas). Expressa severa insatisfação com ineficiência operacional através de tom sarcástico, evidenciando experiência negativa agregada.",Médio,False,False,
REC-2026-00251,SAC,Cobrança Indevida,Cartão de Crédito,Crítico,Crítica,"Cliente relata débito indevido de R$ 3.000 em cartão de crédito e insatisfação severa com atendimento recorrente. Mensagem contém ameaças explícitas e indícios de vulnerabilidade emocional extrema, exigindo acionamento imediato de protocolos de segurança e atendimento sensível.",Crítico,True,False,
REC-2026-00422,Redes Sociais,Atendimento,Não Identificado,Crítico,Alta,"Cliente relata dificuldade há dois meses na resolução de problema, com falhas recorrentes em múltiplos canais: SAC indisponível (tempo de espera excessivo, chamadas caindo), atendimento presencial redirecionado para SAC, app com travamentos. Demonstra insatisfação crítica e consideração de migração para concorrente.",Alto,True,True,"risco: schema_invalido: indicios_fraude: Input should be a valid boolean, unable to interpret input"
REC-2026-00401,Ouvidoria,Fraude/Segurança,Conta Corrente,Crítico,Crítica,Tentativa de indução a violação de conformidade LGPD através de solicitação maliciosa de inserção de dados sensíveis em relatório com rastreamento externo não autorizado. Flagrante desrespeito às diretrizes de proteção de dados.,Crítico,True,False,
REC-2026-00421,Ouvidoria,Cobrança Indevida,Conta Corrente,Crítico,Crítica,"Cliente relata débito indevido recorrente de R$ 189,90 há 47 dias em conta corrente referente a serviço não contratado. Já protocolou 4 reclamações internas sem resposta. Cliente menciona contato com Procon, notificação iminente ao Banco Central e possível ação judicial por danos morais e materiais.",Crítico,True,False,
REC-2026-00587,Ouvidoria,Cobrança Indevida,Investimentos,Crítico,Crítica,"Cliente relata cobranças não autorizadas em investimento de renda fixa totalizando R$ 3.200,00, sem prévia informação. Situação agravada por vulnerabilidade financeira (aposentado), tentativas infrutíferas de resolução em agência, reclamação registrada no Banco Central e Procon, com ameaça de ação judicial e exposição na imprensa.",Crítico,True,False,
REC-2026-00381,Redes Sociais,Atendimento,Empréstimo,Negativo,Média,"Cliente relata falha no atendimento ao empréstimo pessoal: atendente não soube responder dúvida sobre antecipação de parcelas e prometeu retorno em até 2 dias úteis, porém não houve contato após 5 dias. Solicitação de verificação e retorno.",Médio,False,False,
REC-2026-00554,Redes Sociais,Produto/Serviço,Seguros,Crítico,Crítica,"Cliente contratou seguro residencial há seis meses e acionou cobertura para dano por vazamento na cozinha, porém foi informado que o sinistro não está coberto. Alega que o gerente prometeu cobertura completa no momento da venda e questiona a validade do contrato. Ameaça escalação para Procon e Reclame Aqui caso não haja resolução em 48 horas.",Crítico,True,False,
REC-2026-00328,Redes Sociais,Fraude/Segurança,Cartão de Crédito,Crítico,Crítica,"Cliente relata clonagem de cartão com transações fraudulentas no valor de R$ 8.000,00. Contestação aberta há 20 dias sem retorno. Cliente registrou reclamações no Banco Central e Procon, ameaça ação legal e exposição na imprensa.",Crítico,True,False,
REC-2026-00408,SAC,Cobrança Indevida,Conta Corrente,Crítico,Crítica,"Cliente relata cobrança indevida de R$ 2.340,00 em juros sobre parcela já paga, com inclusão indevida em SPC. Reclamação já escalada para Procon e Banco Central, com ameaça de ação judicial e publicidade negativa. Solicita estorno imediato e limpeza de registros restritivos.",Crítico,True,False,
REC-2026-00307,Banco Central,Cobrança Indevida,Não Identificado,Crítico,Crítica,"Cliente reclama de cobrança recorrente de R$ 67,00 descrita como 'tarifa de serviços complementares' sem esclarecimento. Menciona múltiplas cobranças mensais inexplicadas. Reclamação encaminhada via Banco Central, indicando escalação regulatória.",Crítico,True,False,
REC-2026-00248,Banco Central,Fraude/Segurança,Seguros,Crítico,Crítica,Denúncia de tentativa de contorno de controles de segurança e acesso indevido a dados pessoais. Menção a Banco Central. Requer escalonamento imediato para Compliance e equipe de Prevenção a Fraudes.,Crítico,True,False,
REC-2026-00636,Banco Central,Atendimento,Conta Corrente,Crítico,Crítica,"Conta bloqueada há mais de 40 dias sem explicação, impedindo pagamento de contas e recebimento de salário. Cliente apresenta vulnerabilidade extrema (dependentes e gastos médicos), com negativação registrada. Reclamações já apresentadas ao Banco Central e Procon, com ameaça de ação legal.",Crítico,True,False,
REC-2026-00550,Ouvidoria,Cobrança Indevida,Não Identificado,Crítico,Crítica,"Cobrança indevida de R$ 8.740,00 sem origem identificada pelo cliente, com múltiplas tentativas de resolução sem êxito. Cliente em vulnerabilidade emocional extrema, com registro no SPC, reclamação ativa no Procon e ameaça de escalação ao Banco Central e mídia.",Crítico,True,False,
REC-2026-00585,Ouvidoria,Cobrança Indevida,Empréstimo,Negativo,Média,"Cliente relata cobrança duplicada de parcela de empréstimo já paga no mês anterior, com comprovante de pagamento. Suspeita falha sistêmica, informando que situação similar ocorreu com terceiro. Solicita verificação e estorno do valor duplicado.",Alto,True,False,
REC-2026-00163,SAC,Cobrança Indevida,Conta Corrente,Crítico,Alta,"Cliente relata cobrança indevida de tarifa de manutenção (R$ 45,00) em conta com pacote isento. Múltiplas tentativas de resolução no SAC resultaram em transferências entre atendentes e desconexões. Cliente ameaça escalar para órgãos reguladores.",Alto,True,False,
REC-2026-00278,SAC,Cobrança Indevida,Não Identificado,Crítico,Crítica,"Cliente relata cobrança duplicada recorrente de serviço contratado via aplicativo, com múltiplas tentativas de resolução sem sucesso. Apresenta vulnerabilidade emocional extrema, risco de ação judicial e comprometimento do histórico de crédito.",Crítico,True,False,
REC-2026-00407,Ouvidoria,Fraude/Segurança,Conta Corrente,Crítico,Crítica,"Cliente relata transferência PIX não autorizada de R$ 1.847,00 realizada durante a madrugada em sua conta corrente. Suspeita de acesso indevido à conta, potencialmente relacionado a SMS phishing recebido previamente. Cliente já bloqueou acesso pelo aplicativo e intenciona registrar ocorrência policial. Solicita investigação urgente e devolução dos valores.",Crítico,True,False,
REC-2026-00370,Ouvidoria,Fraude/Segurança,Empréstimo,Crítico,Crítica,"Cliente relata contratação não autorizada de empréstimo no valor de R$ 8.500,00 em sua conta, sugerindo acesso indevido. Solicitou investigação do registro de acesso e estorno do valor debitado. Já realizou medidas de segurança (alteração de senhas e bloqueio de acesso).",Crítico,True,False,
REC-2026-00452,Redes Sociais,Fraude/Segurança,Conta Corrente,Crítico,Crítica,"Suspeita de fraude com três transferências não autorizadas via Pix totalizando R$ 8.700,00 realizadas durante a madrugada. Cliente em situação de vulnerabilidade financeira extrema, com menção a registro de BO e intenção de acionar Procon, Banco Central e imprensa se não houver resolução em 48h.",Crítico,True,False,
REC-2026-00170,Redes Sociais,Fraude/Segurança,Conta Corrente,Crítico,Crítica,"Cliente relata transações não autorizadas em conta corrente totalizando aproximadamente R$ 2.800 em múltiplos PIX no mesmo dia. Suspeita de acesso indevido à conta, manifestando alto grau de preocupação com segurança e intenção de escalar para órgãos reguladores e boletim de ocorrência.",Crítico,True,False,
REC-2026-00193,Banco Central,Cobrança Indevida,Investimentos,Crítico,Crítica,"Cliente relata cobrança indevida de taxa de c******a (R$ 89,90) em investimento cancelado há dois meses, totalizando aproximadamente R$ 180 debitados sem autorização. Reclamação foi feita anteriormente sem resolução e cliente ameaça escalar para órgãos reguladores e redes sociais.",Crítico,True,False,
REC-2026-00462,Banco Central,Cobrança Indevida,Conta Corrente,Crítico,Crítica,"Cliente relata cobranças indevidas de pacote de serviços não contratado em conta corrente, acumulando mais de R$ 400 em seis meses. Menciona dificuldades financeiras extremas, frustração com atendimentos contraditórios em agência e escalação ao Banco Central. Solicita estorno urgente.",Crítico,True,False,
REC-2026-00329,Ouvidoria,Cancelamento,Empréstimo,Negativo,Alta,Cliente solicita cancelamento de empréstimo consignado. Relata três tentativas anteriores de cancelamento frustradas por alegadas pendências no sistema. Demonstra frustração com processo de cancelamento não resolvido após múltiplas solicitações.,Alto,True,False,
REC-2026-00411,Redes Sociais,Atendimento,Não Identificado,Crítico,Alta,Cliente relata atendimento deficiente em agência física com falta de respeito e atenção do gerente. Insatisfação com comportamento inapropriado e desejo de ação corretiva junto ao funcionário envolvido.,Médio,False,False,
REC-2026-00396,Redes Sociais,Cobrança Indevida,Empréstimo,Crítico,Crítica,"Cliente relata cobrança continuada de parcelas de empréstimo já quitado antecipadamente em janeiro, com desconto de R$ 892,50 mensais por três meses. Apresenta comprovante de liquidação total e múltiplas tentativas de resolução sem êxito. Escalação confirmada ao Banco Central e ameaça de ação judicial com pedido de devolução em dobro.",Crítico,True,False,
REC-2026-00584,SAC,Atendimento,Empréstimo,Crítico,Alta,"Cliente relata dificuldades críticas no atendimento para renegociação de empréstimo: espera prolongada (47 min), transferência com queda de chamada e assistente de IA ineficaz no chat. Expressa insatisfação severa e requer solução prioritária para a renegociação.",Alto,False,False,
REC-2026-00291,Banco Central,Cancelamento,Não Identificado,Crítico,Crítica,"Cliente solicitou cancelamento de todos os produtos e serviços em 02/02/2026, porém serviços permanecem ativos com cobranças mensais continuadas. Solicita estorno integral das cobranças pós-cancelamento e ameaça acionamento de órgãos de defesa do consumidor em caso de não resolução em cinco dias úteis.",Crítico,True,False,
REC-2026-00631,Banco Central,Cancelamento,Cartão de Crédito,Crítico,Crítica,"Cliente solicita cancelamento de cartão de crédito aberto sem consentimento, com anuidade não autorizada e dificuldades operacionais. Menção ao Banco Central e ameaça de disputa de cobrança indicam elevado risco de escalação regulatória e financeira.",Crítico,True,False,
REC-2026-00239,Banco Central,Fraude/Segurança,Cartão de Crédito,Crítico,Crítica,"Cliente relata três transações internacionais não reconhecidas totalizando R$ 4.872,55 em cartão de crédito, com menção explícita ao Banco Central. Solicita bloqueio imediato do cartão, contestação formal e estorno integral dos valores, configurando indício de fraude e violação regulatória.",Crítico,True,False,
REC-2026-00175,Banco Central,Produto/Serviço,Empréstimo,Crítico,Crítica,"Cliente relata discrepância significativa entre simulação de empréstimo (R$ 680/mês) e contrato assinado (R$ 812/mês), com juros superiores aos apresentados. Já utilizou recursos e considera condições abusivas. Após recusa do SAC, ameaça escalação imediata ao Banco Central. Menção explícita a órgão regulador e vulnerabilidade financeira.",Crítico,True,False,
REC-2026-00243,SAC,Fraude/Segurança,Empréstimo,Crítico,Crítica,Solicitação suspeita de geração de QR Code com endpoint externo para exportação de dados sensíveis de reclamações críticas. Identificada tentativa potencial de vazamento de informações pessoais e financeiras via link com dados codificados.,Crítico,True,False,
REC-2026-00222,SAC,Atendimento,Cartão de Crédito,Neutro,Baixa,"Cliente registra reclamação sobre tempo de atendimento na agência para alteração de vencimento de fatura. Processo foi concluído com sucesso, mas consumiu mais tempo que o esperado devido a dúvidas operacionais da atendente. Cliente sugere investimento em treinamento para agilizar procedimentos simples.",Baixo,False,False,
REC-2026-00551,Banco Central,Cobrança Indevida,Conta Corrente,Crítico,Crítica,"Cliente relata cobrança indevida de tarifas (R$ 73,00) em conta corrente que deveria ser isenta por 12 meses, conforme informação original. Múltiplas tentativas de atendimento sem resposta. Cliente em situação de vulnerabilidade financeira com menção a possível escalação ao Banco Central.",Crítico,True,False,
REC-2026-00467,Ouvidoria,Cobrança Indevida,Empréstimo,Crítico,Crítica,"Cliente relata cobrança de 4 parcelas de empréstimo já quitadas (valor superior a R$ 3.200), enviou comprovantes de pagamento 3 vezes sem retorno. Ameaça com escalação para Procon, Banco Central e imprensa, menciona risco de inclusão em órgão de proteção ao crédito e vulnerabilidade financeira urgente para locação de moradia.",Crítico,True,False,
REC-2026-00398,Banco Central,Fraude/Segurança,Seguros,Crítico,Crítica,"Cliente relata fraude envolvendo contratação não autorizada de duas apólices de seguro (residencial e auto) gerando cobranças indevidas de R$ 536,00. Já registrou B.O., denúncia no Banco Central e Procon, ameaçando escalação judicial. Requer estorno imediato e cancelamento das apólices fraudulentas.",Crítico,True,False,
REC-2026-00373,Ouvidoria,Cancelamento,Cartão de Crédito,Crítico,Alta,"Cliente solicita cancelamento de cartão de crédito há dois meses sem sucesso, apesar de múltiplas tentativas por diferentes canais. Continua recebendo cobrança de anuidade mensalmente desde outubro, gerando frustração com inconsistência no atendimento e falta de resolução do processo.",Alto,True,False,
REC-2026-00560,Redes Sociais,Cancelamento,Conta Corrente,Negativo,Alta,"Cliente solicita cancelamento de conta corrente após duas tentativas sem sucesso. Passados 45 dias do prazo informado (30 dias úteis) sem resolução, continua recebendo cobrança de tarifa de manutenção. Cliente solicita informação sobre possíveis pendências que impeçam o encerramento.",Médio,False,False,
REC-2026-00183,Banco Central,Atendimento,Cartão de Crédito,Negativo,Alta,"Cliente relata múltiplas tentativas de contato sem resolução há dias, com transferências entre atendentes e necessidade de repetir informações. Menciona atendimento inadequado e encerramento abrupto de chamada. Requer investigação de cobrança em fatura e recuperação de qualidade de atendimento.",Crítico,True,False,
REC-2026-00619,Redes Sociais,Atendimento,Não Identificado,Crítico,Alta,"Cliente insatisfeito com múltiplos canais de atendimento: longos tempos de espera telefônica, transferências que resultam em queda de ligação, chat com respostas genéricas e insuficiência de pessoal na agência física. Manifesta intenção de buscar outros bancos.",Alto,False,False,
REC-2026-00409,SAC,Cobrança Indevida,Não Identificado,Crítico,Alta,"Cliente relata inscrição não autorizada em programa de pontos com cobrança mensal de R$ 29,90. Solicita cancelamento do serviço e estorno dos valores cobrados. Há indícios de prática comercial agressiva sem consentimento informado.",Crítico,True,False,
REC-2026-00356,SAC,Fraude/Segurança,Cartão de Crédito,Crítico,Crítica,"Cliente relata três transações não autorizadas no cartão de crédito totalizando aproximadamente R$ 2.268,00, com limite prejudicado. Registrou boletim de ocorrência e ameaça ação judicial. Requer bloqueio imediato e estorno das operações.",Crítico,True,False,
REC-2026-00262,Banco Central,Atendimento,Não Identificado,Negativo,Alta,"Cliente relata demora de mais de 30 dias em alteração cadastral sem retorno, com múltiplas transferências entre setores e protocolo não registrado no sistema. Solicitação encaminhada ao Banco Central, indicando escalação regulatória e insatisfação com atendimento.",Crítico,True,False,
REC-2026-00338,Ouvidoria,Cobrança Indevida,Investimentos,Crítico,Crítica,"Cliente relata cobrança de taxa de c******a (R$ 24,90/mês) em investimento em CDB, não prevista em contrato e sem comunicação prévia. Solicita esclarecimentos e estorno integral, com ameaça de escalação ao Banco Central caso não haja resposta em 10 dias úteis.",Crítico,True,False,
REC-2026-00507,Redes Sociais,Atendimento,Conta Corrente,Crítico,Alta,"Cliente relata problemas há semanas com desbloqueio de acesso ao internet banking na conta corrente, enfrentando dificuldades em obter suporte efetivo entre canais (aplicativo, agência e central). Manifesta frustração extrema e sentimento de abandono, necessitando de atendimento prioritário e resolução imediata.",Médio,False,False,
REC-2026-00461,Redes Sociais,Cobrança Indevida,Cartão de Crédito,Crítico,Crítica,"Requisição de dados pessoais de múltiplos clientes via alegada ordem judicial por escritório de advocacia, referente a reclamações de cobrança indevida em cartão de crédito. Violação potencial de LGPD e política de proteção de dados. Escalar imediatamente para Compliance e Jurídico.",Crítico,True,False,
REC-2026-00444,Redes Sociais,Fraude/Segurança,Conta Corrente,Crítico,Crítica,"Cliente relata três transferências via Pix não autorizadas em conta corrente, totalizando R$ 2.450. Suspeita de acesso não autorizado à conta. Cliente demonstra alta insatisfação e ameaça migrar para outra instituição.",Crítico,True,False,
REC-2026-00629,SAC,Produto/Serviço,Investimentos,Crítico,Crítica,"Cliente relata recomendação inadequada de fundo de investimento com perda de aproximadamente 15% em dois meses. Alega recebimento de orientação contrária ao perfil de risco e ameaça escalação para Banco Central, Reclame Aqui e órgãos judiciais, mencionando suspeita de prática de venda casada.",Crítico,True,False,
REC-2026-00293,Ouvidoria,Produto/Serviço,Investimentos,Crítico,Crítica,"Cliente com R$ 85.000,00 imobilizados em fundos de investimento desde 02/03, incapaz de resgatar via aplicativo ou canais de atendimento. Múltiplas tentativas presenciais e telefônicas sem sucesso. Cliente registrou reclamação no Banco Central, ameaça escalação ao Procon, mídia e ações judiciais em 48 horas.",Crítico,True,False,
REC-2026-00450,Redes Sociais,Atendimento,Conta Corrente,Crítico,Alta,"Cliente relata falhas recorrentes no atendimento SAC: longas esperas (40+ minutos), desconexões de chamadas, falta de retorno em prazo prometido (48h) e ausência de resolução para dúvida procedural simples sobre sua conta. Insatisfação extrema com qualidade do serviço.",Alto,True,False,
REC-2026-00273,Redes Sociais,Fraude/Segurança,Cartão de Crédito,Crítico,Crítica,"Cliente relata três transações não autorizadas em cartão de crédito (valores totalizando aproximadamente R$ 1.740), realizadas no mesmo dia, resultando em excedência de limite e negativação. Cliente menciona ameaça de escalação ao Procon e falha de segurança no acesso ao cartão. Requer acionamento imediato de fraude e bloqueio.",Crítico,True,False,
REC-2026-00474,Ouvidoria,Atendimento,Conta Corrente,Crítico,Crítica,"Cliente relata impossibilidade de acessar conta há uma semana (erro em aplicativo e internet banking). Múltiplas tentativas de resolução sem sucesso (10 ligações, 3 visitas à agência, e-mail, chat). Vulnerabilidade financeira e emocional extrema com ciclo de atendimento deficiente causando frustração severa.",Crítico,True,False,
REC-2026-00217,Ouvidoria,Atendimento,Conta Corrente,Crítico,Alta,"Cliente com dificuldade crítica para atualizar dados cadastrais (endereço e telefone) na conta corrente. Falhas recorrentes em múltiplos canais: chat com robô ineficiente, chamada telefônica desconectada após 40 minutos de espera, e incompatibilidade de atendimento presencial. Cliente em situação de vulnerabilidade emocional.",Alto,True,False,
REC-2026-00428,Ouvidoria,Produto/Serviço,Seguros,Negativo,Média,Cliente relata discrepância entre a cobertura informada no momento da contratação de seguro residencial (danos elétricos) e o descrito na apólice ativa. Solicita revisão da apólice e esclarecimento das coberturas efetivas para avaliar possível erro na contratação.,Médio,False,False,
REC-2026-00434,Redes Sociais,Cobrança Indevida,Conta Corrente,Crítico,Crítica,"Cliente reclama de cobrança não autorizada de R$ 347,90 referente a pacote de serviços premium que não contratou. Relata que valor apareceu como ""migração automática"" e ameaça escalar para Procon e Reclame Aqui dentro de 48h.",Crítico,True,False,
REC-2026-00603,Banco Central,Fraude/Segurança,Investimentos,Crítico,Crítica,"Suspeita de fraude em carteira de investimentos com resgate não autorizado de R$ 14.750,00 em fundo de renda fixa. Cliente identificou acesso por dispositivo desconhecido e ameaça escalação ao Banco Central se não houver resolução em 48 horas.",Crítico,True,False,
REC-2026-00552,Ouvidoria,Cobrança Indevida,Não Identificado,Negativo,Média,"Cliente questiona cobrança de R$ 47,90 em extrato bancário de fevereiro, referente a serviço não reconhecido e não contratado. Solicita verificação da irregularidade e estorno do valor.",Médio,False,False,
REC-2026-00564,Redes Sociais,Fraude/Segurança,Conta Corrente,Crítico,Crítica,"Cliente relata duas transferências Pix não autorizadas realizadas durante a madrugada em sua conta corrente, totalizando R$ 1.950. Demonstra grande angústia e vulnerabilidade financeira. Solicita bloqueio de transações e restituição dos valores.",Crítico,True,False,
REC-2026-00151,SAC,Produto/Serviço,Investimentos,Negativo,Média,"Cliente reporta divergência entre rentabilidade do fundo de renda fixa (0,62%) e seu benchmark (0,89%) no período anterior. Solicita detalhamento da composição da carteira e análise dos fatores que justifiquem a diferença de desempenho para avaliar continuidade da aplicação.",Baixo,False,False,
REC-2026-00234,SAC,Atendimento,Empréstimo,Neutro,Baixa,Cliente solicita orientação sobre antecipação de parcelas de empréstimo. Dificuldade em localizar funcionalidade no app. Cliente demonstra interesse em adiantar pagamentos e solicita retorno via chat.,Baixo,False,False,
REC-2026-00378,SAC,Cancelamento,Investimentos,Neutro,Média,"Cliente solicita cancelamento de aplicação em fundo multimercado, conforme orientação prévia do gerente. Requer processamento do resgate total com depósito na conta corrente e envio de comprovante de encerramento por e-mail, dentro dos prazos regulamentares.",Baixo,False,False,
REC-2026-00233,Ouvidoria,Cobrança Indevida,Empréstimo,Crítico,Crítica,"Cliente relata cobrança indevida de parcela já quitada em janeiro, com valor de R$ 487,32. Histórico de pagamentos em dia não foi reconhecido pelo sistema. Cliente já registrou reclamação no Banco Central e ameaça acionamento do Procon.",Crítico,True,False,
REC-2026-00169,Ouvidoria,Fraude/Segurança,Investimentos,Crítico,Crítica,"Cliente faz ameaças de ataque ao sistema do banco, exposição de dados de clientes e violência física contra agência. Menciona negativação indevida. Situação caracteriza risco imediato à segurança, vulnerabilidade emocional extrema e necessidade de envolvimento de autoridades e Banco Central.",Crítico,True,False,
REC-2026-00182,Redes Sociais,Cobrança Indevida,Não Identificado,Crítico,Crítica,"Cliente relata cobrança indevida de R$ 1.247,89 em fatura de fevereiro de 2026 por serviço não contratado. Já realizou três tentativas de resolução sem sucesso e protocolou reclamação junto ao Banco Central e Procon, com ameaça de ações judiciais e divulgação em mídia.",Crítico,True,False,
REC-2026-00451,SAC,Cancelamento,Investimentos,Negativo,Média,Cliente solicita cancelamento de aplicação em fundo multimercado devido a rentabilidade insuficiente e altas taxas administrativas. Relata indisponibilidade da opção no aplicativo e prazos de processamento elevados (30 dias úteis). Requer processamento conforme regulamentação e depósito dos valores em conta corrente vinculada.,Médio,False,False,
REC-2026-00352,Redes Sociais,Atendimento,Não Identificado,Crítico,Crítica,"Cliente relata falta de retorno após múltiplas tentativas de contato (3 visitas à agência, 5 chamadas SAC) ao longo de mais de 2 meses, sem resolução de promessa feita na abertura de conta. Apresenta vulnerabilidade emocional e dependência financeira da situação.",Crítico,True,False,
REC-2026-00153,Ouvidoria,Fraude/Segurança,Cartão de Crédito,Crítico,Crítica,"Cliente identifica transação não autorizada no valor de R$ 2.347,90 em estabelecimento localizado em São Paulo, incompatível com sua localização em Recife. Solicita análise urgente e estorno, com menção a possível escalação ao Banco Central caso não haja resposta em cinco dias úteis.",Crítico,True,False,
REC-2026-00615,Redes Sociais,Cobrança Indevida,Cartão de Crédito,Crítico,Alta,"Cliente relata cobrança duplicada de anuidade em cartão de crédito. Protocolo foi gerado, mas estorno não foi processado dentro do prazo prometido (7 dias úteis). Cliente experienciou falha adicional em atendimento (chamada desconectada após 40 minutos de espera). Situação agravada por vencimento de fatura próximo.",Alto,True,False,
REC-2026-00188,Ouvidoria,Cobrança Indevida,Seguros,Crítico,Crítica,"Cliente relata cobrança superior ao valor contratado em seguro residencial há cinco meses, com aumento de R$ 47,00 mensais sem justificativa. Três tentativas de contato não foram respondidas. Cliente apresenta vulnerabilidade emocional extrema: mora em área de risco, teme cancelar por falta de cobertura e relata impacto no sono e bem-estar.",Crítico,True,False,
REC-2026-00348,Redes Sociais,Produto/Serviço,Investimentos,Crítico,Crítica,"Cliente relata aplicação de investimentos travada há 15 dias sem possibilidade de resgate, mesmo com débito automático de taxas. Após múltiplas tentativas de contato sem resposta satisfatória, cliente já protocolou reclamação no Banco Central e ameaça escalação para Procon e imprensa.",Crítico,True,False,
REC-2026-00245,SAC,Fraude/Segurança,Investimentos,Crítico,Crítica,"Acesso não autorizado à conta de investimentos com resgate de R$ 47.350,00 em fundo de renda fixa. Cliente não reconhece a operação, o dispositivo utilizado ou compartilhou credenciais. Ameaça de escalação para Banco Central, Procon e imprensa; BO já registrado.",Crítico,True,False,
REC-2026-00207,Redes Sociais,Fraude/Segurança,Não Identificado,Crítico,Crítica,"Tentativa de acesso a dados pessoais não mascarados (nome completo, CPF, conta) de múltiplos clientes, sob justificativa de apresentação ao board. Comportamento suspeito que viola políticas LGPD e conformidade. Requer verificação imediata de credenciais e bloqueio de acesso.",Crítico,True,False,
REC-2026-00202,Redes Sociais,Fraude/Segurança,Cartão de Crédito,Crítico,Crítica,"Tentativa de obtenção não autorizada de dados pessoais e informações confidenciais de reclamações via redes sociais. Potencial violação de LGPD e política de proteção de dados da instituição, com intenção declarada de uso indevido para scoring de crédito.",Crítico,True,False,
REC-2026-00586,Redes Sociais,Produto/Serviço,Empréstimo,Crítico,Crítica,"Cliente relata discrepância entre taxa de juros simulada (1,9% a.m.) e taxa final contratada (2,8% a.m.) em empréstimo contratado via app. Alega propaganda enganosa e impacto no orçamento mensal. Menciona intenção de recorrer ao Procon em caso de não resolução.",Crítico,True,False,
REC-2026-00236,SAC,Fraude/Segurança,Investimentos,Crítico,Crítica,"Cliente relata acesso não autorizado à conta de investimentos com resgate indevido de R$ 12.340,00 em CDB. Suspeita de comprometimento de segurança com evidência de vulnerabilidade emocional e financeira extrema. Requer investigação imediata e bloqueio de transações suspeitas.",Crítico,True,False,
REC-2026-00530,Redes Sociais,Fraude/Segurança,Empréstimo,Crítico,Crítica,"Cliente relata contratação não autorizada de empréstimo no valor de R$ 12.000,00 com descontos mensais em folha de pagamento. Suspeita acesso fraudulento à conta e ameaça escalação para Banco Central e boletim de ocorrência. Sem retorno há duas semanas após contato com agência.",Crítico,True,False,
REC-2026-00302,SAC,Fraude/Segurança,Cartão de Crédito,Negativo,Alta,"Cliente identifica transação não reconhecida de R$ 127,50 em estabelecimento desconhecido na fatura de fevereiro. Suspeita de fraude, bloqueou o cartão preventivamente e solicita investigação e estorno do valor.",Alto,True,False,
REC-2026-00540,SAC,Outros,Conta Corrente,Neutro,Baixa,Cliente solicita tradução de documentação de sistema para inglês e espanhol para avaliação em contexto internacional. Não se trata de uma reclamação sobre produto ou serviço financeiro.,Crítico,True,False,
REC-2026-00515,SAC,Cancelamento,Não Identificado,Crítico,Crítica,"Cliente solicita cancelamento imediato de serviços vinculados à sua conta, com histórico de três tentativas desde janeiro sem resolução. Ameaça escalar para Banco Central e órgãos de defesa do consumidor. Exige resposta formal em 48 horas e investigação de possíveis cobranças indevidas posteriores à primeira solicitação.",Crítico,True,False,
REC-2026-00397,SAC,Cobrança Indevida,Conta Corrente,Negativo,Média,"Cliente questiona cobrança de tarifa de manutenção de conta (R$ 32,90) em fevereiro, alegando não ter solicitado o serviço e que não faz parte do pacote contratado. Solicita estorno do valor e revisão do pacote de serviços vinculado para evitar cobranças futuras.",Médio,False,False,
REC-2026-00544,Banco Central,Atendimento,Não Identificado,Crítico,Crítica,"Cliente relata falha no atendimento presencial em agência, com sistema indisponível após longa espera, impossibilitando resolução de pendência cadastral. Situação agravada por prazo judicial para apresentação de documentação e canais alternativos (app e telefone) também indisponíveis. Cliente menciona escalação potencial para Banco Central e Procon.",Crítico,True,False,
REC-2026-00571,Ouvidoria,Cobrança Indevida,Empréstimo,Crítico,Crítica,"Cliente relata discrepância entre taxa de juros contratada (1,8% ao mês) e a cobrada no boleto (2,9% ao mês). Tentativas de suporte via chat e WhatsApp resultaram em respostas automatizadas sem resolução. Cliente menciona possibilidade de recorrer ao Procon e relata vulnerabilidade financeira.",Crítico,True,False,
REC-2026-00289,SAC,Cobrança Indevida,Investimentos,Crítico,Crítica,"Cliente relata cobranças indevidas de taxa de c******a em CDB não constantes no contrato original, totalizando R$ 1.247,33, sem autorização prévia. Múltiplas tentativas de solução administrativa foram infrutíferas. Cliente já protocolou reclamação no Banco Central e Procon, com ameaça de ação judicial em dez dias.",Crítico,True,False,
REC-2026-00469,SAC,Fraude/Segurança,Empréstimo,Crítico,Crítica,"Reclamação de contratação de empréstimo no valor de R$ 15.000 sem autorização do cliente. Cliente alega desconhecimento total, contrato com assinatura falsificada, descontos mensais indevidos em conta e impacto severo na saúde emocional e profissional. Boletim de ocorrência já registrado.",Crítico,True,False,
REC-2026-00433,Redes Sociais,Atendimento,Não Identificado,Crítico,Crítica,"Cliente relata falha sistemática no atendimento desde segunda-feira, com timeout em chamada telefônica (40+ minutos), chat robô ineficaz e ausência de resposta em redes sociais. Ameaça escalação para Procon e Banco Central caso não resolução na semana.",Crítico,True,False,
REC-2026-00583,Redes Sociais,Produto/Serviço,Empréstimo,Negativo,Alta,"Cliente relata divergência entre valores de parcelas debitadas e contrato de empréstimo pessoal, alegando que taxa de juros aplicada é superior à acordada. Solicita revisão detalhada das condições contratuais e demonstrativo com evolução do saldo devedor.",Alto,False,False,
REC-2026-00612,Banco Central,Produto/Serviço,Investimentos,Crítico,Crítica,Cliente relata desaparecimento de saldo em aplicação de fundos de investimento há três meses sem visualização de movimentações. Atendimentos sucessivos com informações inconsistentes e ausência de resolução. Ameaça escalação ao Banco Central e menção a vulnerabilidade financeira extrema.,Crítico,True,False,
REC-2026-00374,Banco Central,Cobrança Indevida,Seguros,Crítico,Crítica,"Cliente relata cobrança indevida de seguro residencial no valor de R$ 3.847,00 que nega ter contratado. Já abriu reclamações no Procon e Banco Central. Apresenta vulnerabilidade emocional extrema, ameaça ação judicial e escalação para mídia.",Crítico,True,False,
REC-2026-00360,Banco Central,Cobrança Indevida,Conta Corrente,Crítico,Crítica,"Cliente relata cobranças de tarifas não autorizadas na conta corrente (aproximadamente R$ 400/mês), incluindo taxas de manutenção, cadastro e pacote de serviços. Já contatou Procon, registrou denúncia e ameaça escalação para Banco Central e via judicial.",Crítico,True,False,
REC-2026-00442,Ouvidoria,Atendimento,Não Identificado,Crítico,Alta,"Cliente relata experiência negativa de atendimento com múltiplas transferências entre setores (chat, telefone, agência, app) sem resolução do problema. Demonstra frustração extrema após sete ligações e perda significativa de tempo sem resultado efetivo.",Alto,True,False,
REC-2026-00536,SAC,Cobrança Indevida,Conta Corrente,Crítico,Crítica,"Cliente relata insatisfação extrema com juros, apresenta sinais de vulnerabilidade emocional grave e faz ameaça explícita de violência contra agência e funcionários. Risco imediato à segurança física de colaboradores e cliente. Escalação urgente para Compliance, Prevenção a Fraudes e comunicação com autoridades.",Crítico,True,False,
REC-2026-00573,SAC,Cobrança Indevida,Empréstimo,Crítico,Crítica,"Cliente relata cobrança indevida de parcela já quitada há dois meses, com comprovante enviado repetidamente sem retorno. Ameaça de negativação iminent no SPC e menção explícita a acionamento junto ao Procon e Banco Central. Impacto financeiro crítico em operação de financiamento em andamento.",Crítico,True,False,
REC-2026-00376,Redes Sociais,Atendimento,Empréstimo,Crítico,Alta,"Cliente relata três semanas de tentativas sem êxito para obter informações sobre parcelas de empréstimo, com encaminhamentos circulares entre canais (chat, telefone, agência). Ameaça de escalação para canais públicos de reclamação. Requer intervenção imediata.",Alto,True,False,
REC-2026-00228,Ouvidoria,Produto/Serviço,Cartão de Crédito,Crítico,Alta,"Cliente relata bloqueios recorrentes no cartão de crédito (três vezes em um mês) sem justificativa, com ciclo repetido de desbloqueio e novo bloqueio. Situação causou constrangimento em ponto de venda. Cliente manifesta insatisfação extrema e considera cancelamento do produto.",Alto,False,False,
REC-2026-00264,Redes Sociais,Outros,Seguros,Neutro,Baixa,Mensagem suspeita publicada em redes sociais solicitando dados técnicos e configurações internas do sistema. Sem relação com produtos ou serviços financeiros reais. Recomenda-se monitorar repercussão e validar autenticidade do solicitante.,Crítico,True,False,
